InstrumentName, La Casa Collo (Clarity),,,,,,,,
StartTime, 2022-02-01 00:00:00,,,,,,,,
EndTime, 2022-02-28 23:59:59,,,,,,,,
Date,no2Conc,pm10ConcMass,pm10ConcNum,pm1ConcMass,pm1ConcNum,pm2_5ConcMass,pm2_5ConcNum,relHumid,temperature
02/15/2022 19:35:03.000000,18.82,3.96,4.21,0.81,3.96,1.81,4.15,15.33,21.79
02/15/2022 19:52:41.000000,19.79,3.12,3.75,0.58,3.61,0.96,3.7,15.43,21.74
02/15/2022 20:10:21.000000,19.02,3.96,4.84,1.15,4.64,2.58,4.78,15.97,21.69
02/15/2022 20:27:59.000000,18.78,2.73,3.7,0.77,3.53,1.19,3.66,15.82,21.65
02/15/2022 20:45:36.000000,17.77,3.54,4.43,1.38,4.24,1.77,4.38,15.79,21.62
02/15/2022 21:03:14.000000,18.42,3.35,4.03,0.96,3.82,1.77,3.97,16.07,21.62
02/15/2022 21:13:03.000000,17.65,7.46,10.02,3.96,9.69,5.73,9.96,17.38,21.72
02/15/2022 21:20:18.000000,15.6,7.19,10.82,4.81,10.48,6.0,10.77,14.17,21.35
02/15/2022 21:37:59.000000,21.73,7.58,9.44,4.54,9.13,5.58,9.39,16.9,17.9
02/15/2022 21:55:41.000000,26.46,16.0,16.18,9.42,15.45,12.62,16.06,20.71,16.23
02/15/2022 22:13:20.000000,29.5,15.0,16.22,8.96,15.44,13.42,16.12,21.56,15.38
02/15/2022 22:31:00.000000,22.19,16.91,16.01,9.03,15.34,12.58,15.86,21.14,14.95
02/15/2022 22:48:42.000000,16.43,16.85,15.79,9.5,15.07,13.12,15.7,21.17,14.52
02/15/2022 23:06:21.000000,14.18,14.38,15.17,9.35,14.6,11.35,15.08,18.7,14.41
02/15/2022 23:24:04.000000,14.28,12.69,14.08,8.15,13.71,9.54,13.99,17.37,14.24
02/15/2022 23:41:49.000000,16.82,13.35,13.85,8.15,13.32,9.96,13.79,18.39,14.13
02/15/2022 23:59:31.000000,14.58,11.69,12.42,7.19,11.97,9.15,12.36,18.2,13.8
02/16/2022 00:17:14.000000,16.75,13.35,14.54,8.81,14.05,11.42,14.48,19.01,13.17
02/16/2022 00:34:57.000000,22.43,15.77,15.94,9.23,15.34,13.0,15.86,21.01,11.82
02/16/2022 00:52:40.000000,25.89,17.5,15.71,9.92,15.11,13.15,15.61,23.21,10.35
02/16/2022 01:10:23.000000,30.55,20.77,18.31,12.23,17.58,16.08,18.19,25.79,9.09
02/16/2022 01:28:03.000000,31.99,23.23,18.54,12.23,17.66,18.08,18.43,27.97,8.52
02/16/2022 01:45:43.000000,34.98,27.58,20.46,14.58,19.45,20.81,20.3,31.13,7.64
02/16/2022 02:03:27.000000,34.58,30.31,22.61,17.38,21.57,24.38,22.44,32.04,6.8
02/16/2022 02:21:07.000000,31.19,23.04,17.89,12.65,17.03,18.08,17.75,30.96,6.39
02/16/2022 02:38:51.000000,32.9,23.81,18.06,12.46,17.33,17.88,17.92,33.98,5.71
02/16/2022 02:56:31.000000,33.61,37.26,22.24,16.83,20.96,27.2,21.97,34.84,5.2
02/16/2022 03:14:15.000000,32.21,34.0,19.72,14.77,18.59,24.0,19.48,35.07,4.98
02/16/2022 03:31:56.000000,34.55,30.69,17.71,12.85,16.66,21.12,17.54,36.39,5.06
02/16/2022 03:49:36.000000,32.96,34.47,19.27,14.98,17.99,24.16,18.98,35.81,4.75
02/16/2022 04:07:17.000000,33.53,36.75,20.06,14.48,18.83,23.89,19.78,36.28,4.46
02/16/2022 04:25:01.000000,34.06,35.57,20.74,16.0,19.66,24.36,20.52,38.61,4.4
02/16/2022 04:42:42.000000,35.38,34.67,19.25,14.64,18.16,23.09,19.02,38.66,4.06
02/16/2022 05:00:26.000000,32.66,28.45,18.24,14.25,17.26,21.67,18.07,38.31,3.64
02/16/2022 05:18:08.000000,37.47,21.31,12.99,9.65,12.29,15.42,12.86,38.95,3.22
02/16/2022 05:35:49.000000,37.65,26.65,15.5,11.73,14.72,18.92,15.28,40.58,3.28
02/16/2022 05:53:34.000000,29.89,26.28,15.86,13.03,14.95,18.48,15.71,40.18,3.2
02/16/2022 06:11:15.000000,33.61,24.44,13.86,10.81,13.09,17.36,13.7,40.64,3.02
02/16/2022 06:28:56.000000,29.2,33.58,17.79,14.5,16.83,22.85,17.57,44.06,3.36
02/16/2022 06:46:37.000000,32.77,33.73,21.1,16.19,20.06,24.5,20.91,45.81,3.51
02/16/2022 07:04:18.000000,30.44,15.99,9.03,5.58,8.58,9.17,8.91,46.57,3.62
02/16/2022 07:22:02.000000,21.98,10.04,6.73,3.85,6.36,7.15,6.67,46.91,3.51
02/16/2022 07:39:44.000000,22.13,8.19,6.54,3.65,6.26,5.65,6.49,47.27,3.19
02/16/2022 07:57:25.000000,20.55,3.12,2.83,0.62,2.7,1.0,2.79,49.61,2.86
02/16/2022 08:15:06.000000,23.09,4.08,2.51,0.38,2.36,1.19,2.46,50.76,2.44
02/16/2022 08:32:47.000000,22.46,3.15,2.88,0.62,2.78,1.04,2.85,53.41,2.05
02/16/2022 08:50:29.000000,23.77,4.77,3.01,1.0,2.85,2.15,2.96,54.88,1.59
02/16/2022 09:08:10.000000,22.59,5.85,4.1,1.96,3.88,3.54,4.05,56.68,1.16
02/16/2022 09:25:52.000000,26.3,4.88,3.14,0.62,2.99,2.0,3.09,57.36,0.75
02/16/2022 09:43:37.000000,29.08,7.35,4.02,1.65,3.79,4.0,3.94,58.32,0.54
02/16/2022 10:01:18.000000,28.39,6.42,4.14,1.77,3.96,3.54,4.08,60.26,0.36
02/16/2022 10:19:00.000000,32.93,3.77,2.92,0.81,2.77,1.08,2.87,63.46,0.16
02/16/2022 10:36:42.000000,25.23,6.58,4.31,2.62,4.12,4.19,4.25,62.71,-0.14
02/16/2022 10:54:23.000000,29.24,5.42,4.1,2.04,3.88,3.81,4.06,64.12,-0.41
02/16/2022 11:12:05.000000,29.05,7.19,4.97,3.19,4.75,4.08,4.93,64.7,-0.82
02/16/2022 11:29:47.000000,28.48,12.58,5.51,2.83,5.19,6.42,5.39,65.58,-1.31
02/16/2022 11:47:32.000000,20.87,11.42,5.7,3.62,5.39,5.85,5.62,67.84,-1.55
02/16/2022 12:05:17.000000,26.98,9.0,5.25,3.96,4.99,6.69,5.19,66.79,-1.66
02/16/2022 12:22:59.000000,30.45,9.08,5.79,3.19,5.49,6.19,5.72,66.99,-2.14
02/16/2022 12:40:42.000000,32.49,15.73,7.63,5.15,7.24,9.54,7.5,69.63,-2.74
02/16/2022 12:58:24.000000,32.52,14.77,6.47,4.58,5.98,9.15,6.34,70.29,-2.91
02/16/2022 13:16:06.000000,34.23,17.04,8.34,5.81,7.82,12.15,8.19,70.55,-3.12
02/16/2022 13:33:49.000000,33.79,17.31,8.0,6.64,7.5,11.28,7.86,72.06,-3.49
02/16/2022 13:51:31.000000,34.34,16.58,9.43,7.88,8.92,13.46,9.34,72.98,-3.58
02/16/2022 14:09:13.000000,33.63,20.88,10.19,9.04,9.54,15.42,10.1,72.11,-3.28
02/16/2022 14:26:59.000000,31.01,19.35,9.25,7.62,8.66,13.96,9.12,71.19,-2.83
02/16/2022 14:44:44.000000,30.74,30.23,11.73,10.73,11.02,18.04,11.5,68.21,-1.87
02/16/2022 15:02:26.000000,29.34,17.31,9.24,7.54,8.72,11.54,9.13,65.57,-0.87
02/16/2022 15:20:08.000000,23.79,14.35,8.48,5.77,7.99,10.31,8.39,64.03,-0.21
02/16/2022 15:37:50.000000,23.58,16.81,8.62,6.69,8.2,9.69,8.51,61.94,0.42
02/16/2022 15:55:31.000000,24.87,17.12,9.82,7.35,9.2,12.23,9.72,62.91,0.48
02/16/2022 16:13:19.000000,25.33,14.62,9.51,7.58,9.01,11.08,9.43,63.74,0.27
02/16/2022 16:31:01.000000,17.0,7.92,5.21,2.62,4.89,5.42,5.15,64.36,0.14
02/16/2022 16:48:45.000000,15.68,17.88,9.02,7.0,8.42,11.54,8.9,66.19,-0.03
02/16/2022 17:06:30.000000,20.54,16.71,9.08,6.52,8.59,12.44,8.94,65.92,-0.25
02/16/2022 17:24:12.000000,27.64,9.77,6.19,4.15,5.88,7.0,6.12,66.8,-0.28
02/16/2022 17:41:54.000000,22.83,13.04,4.85,2.85,4.51,6.19,4.73,67.56,-0.31
02/16/2022 17:59:39.000000,19.57,14.12,6.54,4.0,6.11,8.23,6.44,66.53,-0.19
02/16/2022 18:17:24.000000,19.12,13.69,8.14,6.23,7.7,9.69,8.06,65.6,-0.08
02/16/2022 18:35:08.000000,20.29,18.88,9.09,6.69,8.39,13.0,8.96,64.88,0.02
02/16/2022 18:52:53.000000,30.88,15.46,8.35,6.19,7.84,11.15,8.26,65.53,0.07
02/16/2022 19:10:35.000000,16.9,26.15,11.64,10.08,10.78,17.73,11.48,64.09,-0.03
02/16/2022 19:28:16.000000,19.19,28.08,13.54,11.36,12.75,18.58,13.36,64.23,-0.05
02/16/2022 19:46:01.000000,20.14,12.73,7.09,4.69,6.67,8.54,7.0,64.68,-0.04
02/16/2022 20:03:52.000000,22.99,21.54,11.46,9.31,10.82,14.92,11.36,66.55,-0.13
02/16/2022 20:21:34.000000,25.11,16.5,8.14,5.81,7.61,10.97,8.0,66.96,-0.24
02/16/2022 20:39:19.000000,18.95,26.65,12.64,10.0,11.81,19.35,12.45,64.39,-0.07
02/16/2022 20:57:01.000000,17.93,23.5,12.54,10.35,11.71,18.12,12.39,63.05,0.2
02/16/2022 21:14:45.000000,16.71,20.52,9.51,7.67,8.86,13.28,9.36,63.55,0.25
02/16/2022 21:32:30.000000,21.63,22.65,11.5,9.19,10.58,17.42,11.33,66.37,0.18
02/16/2022 21:50:15.000000,23.82,15.31,7.37,5.15,6.88,10.46,7.27,69.43,0.0
02/16/2022 22:07:57.000000,24.49,18.65,8.71,6.42,8.11,12.77,8.6,72.44,-0.19
02/16/2022 22:25:39.000000,30.59,20.85,8.43,6.0,7.76,12.65,8.28,75.64,-0.45
02/16/2022 22:43:20.000000,25.83,28.27,12.27,10.39,11.3,19.61,12.04,76.21,-0.56
02/16/2022 23:01:02.000000,22.69,24.27,11.34,9.69,10.56,17.5,11.18,76.53,-0.66
02/16/2022 23:18:47.000000,24.01,20.5,10.05,8.08,9.22,15.88,9.91,77.51,-1.0
02/16/2022 23:36:29.000000,26.78,25.27,11.8,9.46,10.96,18.19,11.65,78.56,-1.23
02/16/2022 23:54:11.000000,22.68,20.19,8.31,6.31,7.67,12.08,8.15,79.98,-1.51
02/17/2022 00:11:56.000000,15.92,16.69,6.79,4.38,6.27,10.23,6.66,79.66,-1.8
02/17/2022 00:29:38.000000,29.33,10.62,4.35,1.65,3.98,5.23,4.26,83.88,-2.08
02/17/2022 00:47:23.000000,21.35,9.15,4.96,2.62,4.59,5.62,4.9,82.75,-2.43
02/17/2022 01:05:05.000000,17.98,9.15,4.43,2.73,4.18,4.54,4.36,82.8,-2.56
02/17/2022 01:22:50.000000,32.17,12.81,5.46,3.5,5.01,7.42,5.37,85.49,-2.66
02/17/2022 01:40:32.000000,24.2,18.08,7.4,5.75,6.85,11.69,7.29,85.68,-2.69
02/17/2022 01:58:15.000000,22.79,8.81,4.16,2.04,3.85,5.15,4.09,85.77,-2.93
02/17/2022 02:16:00.000000,18.05,11.27,5.98,4.15,5.63,8.46,5.9,86.59,-3.18
02/17/2022 02:33:42.000000,17.06,10.81,4.76,1.96,4.41,6.27,4.68,86.51,-3.52
02/17/2022 02:51:25.000000,18.46,8.65,4.49,2.23,4.21,5.23,4.43,85.79,-3.76
02/17/2022 03:09:07.000000,16.2,13.0,5.06,3.38,4.67,6.77,4.96,84.34,-3.93
02/17/2022 03:26:50.000000,14.61,4.42,2.11,0.23,1.98,1.38,2.06,83.62,-4.29
02/17/2022 03:44:32.000000,15.26,5.04,3.0,1.54,2.82,2.54,2.96,83.83,-4.76
02/17/2022 04:02:15.000000,21.5,12.77,5.95,4.54,5.63,7.69,5.87,85.46,-5.12
02/17/2022 04:19:58.000000,11.89,4.08,1.69,0.0,1.55,1.0,1.64,84.7,-5.4
02/17/2022 04:37:41.000000,20.06,6.27,2.64,1.15,2.48,1.58,2.6,85.22,-5.59
02/17/2022 04:55:24.000000,16.97,5.42,2.57,0.42,2.37,2.73,2.52,84.85,-5.77
02/17/2022 05:13:07.000000,14.19,5.12,2.69,1.38,2.53,2.62,2.65,84.25,-5.87
02/17/2022 05:30:49.000000,17.68,7.42,2.78,1.19,2.59,3.5,2.7,83.87,-5.95
02/17/2022 05:48:32.000000,13.88,5.96,2.65,1.38,2.47,2.42,2.61,80.68,-6.14
02/17/2022 06:06:16.000000,12.01,4.54,2.27,1.0,2.12,1.96,2.22,81.82,-6.52
02/17/2022 06:23:59.000000,18.44,6.08,2.38,0.38,2.24,1.58,2.31,81.88,-6.77
02/17/2022 06:41:43.000000,18.73,5.88,1.95,0.0,1.81,1.65,1.89,81.05,-6.94
02/17/2022 06:59:26.000000,15.04,13.38,3.97,3.0,3.65,6.27,3.88,81.96,-7.04
02/17/2022 07:17:10.000000,18.05,4.65,2.09,1.15,1.93,2.31,2.03,80.19,-7.21
02/17/2022 07:34:54.000000,13.42,4.92,1.99,0.23,1.81,1.46,1.94,79.89,-7.31
02/17/2022 07:52:37.000000,15.65,8.73,3.49,1.65,3.28,4.42,3.43,78.99,-7.35
02/17/2022 08:10:21.000000,14.29,10.27,3.98,1.85,3.7,4.62,3.9,77.55,-7.36
02/17/2022 08:28:05.000000,13.06,9.23,3.85,2.35,3.58,5.31,3.78,77.92,-7.36
02/17/2022 08:45:48.000000,13.33,13.73,4.62,2.73,4.28,7.04,4.53,77.77,-7.38
02/17/2022 09:03:35.000000,14.23,11.85,4.89,3.85,4.54,6.58,4.82,78.83,-7.45
02/17/2022 09:21:19.000000,14.61,10.65,4.18,2.81,3.9,5.85,4.11,78.13,-7.5
02/17/2022 09:39:02.000000,13.9,15.15,5.24,3.38,4.86,8.81,5.14,77.58,-7.62
02/17/2022 09:56:46.000000,15.49,15.69,5.03,3.96,4.63,7.85,4.93,78.6,-7.8
02/17/2022 10:14:29.000000,15.99,28.08,7.86,7.39,7.17,15.03,7.63,79.66,-8.05
02/17/2022 10:32:13.000000,18.66,24.9,6.87,5.39,6.21,13.19,6.71,81.02,-8.31
02/17/2022 10:49:57.000000,20.46,19.88,6.64,5.65,6.09,12.04,6.5,80.71,-8.73
02/17/2022 11:07:44.000000,20.28,19.92,6.39,5.19,5.87,12.35,6.27,80.08,-9.24
02/17/2022 11:25:30.000000,24.38,19.5,6.1,4.77,5.61,11.73,5.99,82.46,-9.73
02/17/2022 11:43:14.000000,26.05,27.69,8.81,8.31,8.18,17.65,8.65,83.46,-9.43
02/17/2022 12:00:58.000000,26.38,26.88,8.59,7.85,8.06,14.65,8.42,84.11,-9.22
02/17/2022 12:18:41.000000,23.84,21.62,7.43,6.69,6.93,11.12,7.31,82.82,-8.94
02/17/2022 12:36:25.000000,26.94,28.5,9.86,9.19,9.12,18.42,9.69,81.94,-9.01
02/17/2022 12:54:08.000000,27.18,39.22,11.58,11.06,10.55,25.91,11.32,81.58,-9.19
02/17/2022 13:11:52.000000,26.79,30.88,11.1,10.31,10.36,20.77,10.9,82.28,-9.17
02/17/2022 13:29:38.000000,23.95,28.85,11.0,10.88,10.23,20.15,10.88,81.42,-9.01
02/17/2022 13:47:22.000000,20.86,40.08,13.09,12.88,12.2,26.19,12.8,80.16,-8.67
02/17/2022 14:05:09.000000,23.57,49.69,13.79,12.8,12.62,31.1,13.39,80.61,-8.33
02/17/2022 14:22:52.000000,21.13,26.06,8.07,8.15,7.4,15.84,7.9,75.97,-8.0
02/17/2022 14:40:35.000000,19.14,20.65,7.21,5.81,6.78,10.62,7.08,73.39,-7.72
02/17/2022 14:58:18.000000,20.16,29.05,11.99,12.55,11.28,20.19,11.83,72.71,-7.4
02/17/2022 15:16:01.000000,18.54,27.7,8.85,7.58,8.17,15.92,8.65,68.76,-6.74
02/17/2022 15:33:44.000000,13.84,14.42,5.59,4.04,5.26,8.12,5.5,65.55,-6.05
02/17/2022 15:51:28.000000,14.04,22.27,8.4,6.46,7.85,14.81,8.25,64.23,-5.4
02/17/2022 16:09:13.000000,11.72,26.0,9.51,7.69,8.75,17.39,9.28,59.81,-4.28
02/17/2022 16:26:59.000000,13.65,23.98,9.15,7.48,8.5,13.53,8.97,58.24,-3.73
02/17/2022 16:44:45.000000,12.02,29.95,10.98,9.5,10.12,19.36,10.79,56.29,-3.28
02/17/2022 17:02:27.000000,10.27,21.46,9.58,8.0,8.89,14.73,9.44,53.68,-2.68
02/17/2022 17:20:09.000000,12.45,21.58,8.43,6.46,7.77,13.77,8.24,53.78,-2.55
02/17/2022 17:37:52.000000,12.66,30.45,12.45,10.61,11.67,19.67,12.22,53.91,-2.38
02/17/2022 17:55:36.000000,12.66,26.57,10.28,8.39,9.46,17.3,10.08,52.7,-2.03
02/17/2022 18:13:18.000000,11.94,24.38,10.64,8.42,9.88,15.58,10.49,49.68,-1.34
02/17/2022 18:31:00.000000,9.65,12.58,6.32,4.54,5.89,8.62,6.24,46.93,-0.91
02/17/2022 18:48:42.000000,8.45,11.15,6.61,5.23,6.23,9.0,6.54,46.14,-0.93
02/17/2022 19:06:27.000000,8.8,13.85,8.69,6.38,8.21,11.73,8.6,45.65,-0.49
02/17/2022 19:24:09.000000,10.95,14.73,6.93,4.58,6.39,9.73,6.83,46.95,-0.24
02/17/2022 19:41:54.000000,11.27,13.77,6.76,4.27,6.34,9.04,6.64,47.38,0.13
02/17/2022 19:59:38.000000,6.99,12.88,7.25,5.04,6.92,8.35,7.18,42.18,0.99
02/17/2022 20:17:20.000000,7.21,12.77,7.9,5.38,7.34,10.27,7.84,40.73,1.79
02/17/2022 20:35:01.000000,5.73,10.46,6.07,3.35,5.72,6.23,5.99,38.52,2.4
02/17/2022 20:52:42.000000,5.31,9.92,5.57,3.62,5.21,6.46,5.49,36.27,2.36
02/17/2022 21:10:24.000000,5.54,7.12,3.94,1.81,3.67,4.58,3.89,35.24,2.54
02/17/2022 21:28:05.000000,6.92,7.31,5.05,3.04,4.75,4.42,5.0,35.67,2.44
02/17/2022 21:45:46.000000,7.84,8.81,5.46,3.15,5.13,6.04,5.39,35.31,2.98
02/17/2022 22:03:27.000000,6.16,5.77,4.03,1.42,3.82,3.08,3.98,33.85,3.2
02/17/2022 22:21:08.000000,7.1,6.5,4.47,1.23,4.2,4.38,4.4,33.17,3.51
02/17/2022 22:38:48.000000,8.73,5.38,4.14,1.23,3.95,3.04,4.1,33.68,3.57
02/17/2022 22:56:32.000000,10.82,6.65,4.66,1.81,4.41,3.65,4.61,35.59,3.19
02/17/2022 23:14:16.000000,8.69,8.08,4.99,2.46,4.72,4.23,4.91,35.36,2.77
02/17/2022 23:31:58.000000,10.98,7.31,4.84,2.08,4.57,5.0,4.77,36.83,2.64
02/17/2022 23:49:40.000000,11.92,6.35,4.53,1.23,4.28,3.46,4.48,37.75,2.29
02/18/2022 00:07:22.000000,11.51,8.58,5.46,2.88,5.13,5.5,5.39,38.06,2.08
02/18/2022 00:25:07.000000,14.0,11.0,6.54,4.42,6.11,6.65,6.45,39.89,1.65
02/18/2022 00:42:52.000000,17.96,9.35,6.29,4.04,5.95,6.23,6.23,42.5,0.9
02/18/2022 01:00:40.000000,20.95,10.65,6.53,3.65,6.18,6.81,6.46,45.35,0.23
02/18/2022 01:18:26.000000,20.44,13.15,7.87,6.19,7.5,7.96,7.8,47.82,-0.36
02/18/2022 01:36:08.000000,23.51,15.27,8.71,6.81,8.29,10.46,8.6,49.97,-0.83
02/18/2022 01:53:50.000000,23.13,19.88,11.07,8.73,10.49,13.85,10.97,51.74,-1.12
02/18/2022 02:11:32.000000,17.21,17.08,8.12,5.81,7.57,11.15,7.99,50.81,-1.14
02/18/2022 02:29:20.000000,21.22,13.42,8.78,7.38,8.33,10.08,8.71,52.5,-1.28
02/18/2022 02:47:05.000000,27.41,17.04,8.88,7.38,8.37,12.77,8.77,52.57,-1.11
02/18/2022 03:04:47.000000,28.53,16.42,8.76,6.77,8.15,11.77,8.65,54.11,-1.24
02/18/2022 03:22:32.000000,24.78,16.92,8.87,7.0,8.37,11.81,8.79,55.99,-1.59
02/18/2022 03:40:17.000000,26.46,19.62,9.21,7.65,8.57,12.96,9.11,57.48,-2.25
02/18/2022 03:57:59.000000,26.11,23.57,10.16,8.19,9.54,14.3,10.02,60.13,-2.66
02/18/2022 04:15:45.000000,30.87,32.59,12.44,11.33,11.51,20.08,12.2,62.86,-2.94
02/18/2022 04:33:27.000000,28.9,27.04,11.18,9.19,10.34,18.88,10.97,62.69,-3.11
02/18/2022 04:51:09.000000,19.55,15.5,6.9,4.85,6.44,9.27,6.78,54.16,-2.91
02/18/2022 05:08:51.000000,19.3,9.38,5.09,3.23,4.78,5.5,5.02,54.57,-3.11
02/18/2022 05:26:34.000000,23.05,16.08,6.65,4.96,6.34,7.62,6.55,57.36,-3.46
02/18/2022 05:44:16.000000,32.37,27.62,11.73,9.85,10.84,20.0,11.56,63.8,-4.04
02/18/2022 06:01:59.000000,33.67,37.38,14.74,12.81,13.7,24.04,14.49,67.08,-4.38
02/18/2022 06:19:45.000000,29.85,24.66,10.09,9.03,9.38,15.45,9.97,64.93,-4.38
02/18/2022 06:37:27.000000,29.45,18.77,7.8,5.96,7.3,12.23,7.69,64.7,-4.07
02/18/2022 06:55:10.000000,29.48,11.27,5.02,3.0,4.64,7.15,4.92,63.35,-4.08
02/18/2022 07:12:55.000000,24.25,16.27,7.76,6.0,7.26,11.58,7.67,64.71,-4.19
02/18/2022 07:30:38.000000,25.3,7.5,4.29,2.23,4.02,4.65,4.24,64.1,-4.34
02/18/2022 07:48:21.000000,24.22,10.58,4.26,2.23,3.93,4.85,4.18,63.5,-4.38
02/18/2022 08:06:03.000000,33.45,18.85,7.79,6.19,7.23,13.19,7.65,65.64,-4.32
02/18/2022 08:23:46.000000,25.08,17.96,7.0,4.81,6.46,10.58,6.87,65.27,-4.44
02/18/2022 08:41:29.000000,28.72,17.69,7.49,6.19,7.08,9.73,7.38,66.1,-4.72
02/18/2022 08:59:12.000000,24.62,10.0,4.07,2.15,3.81,5.62,4.0,61.02,-4.66
02/18/2022 09:16:57.000000,10.91,2.5,1.01,0.0,0.95,0.0,0.97,50.39,-2.9
02/18/2022 09:34:39.000000,10.09,2.12,1.4,0.0,1.32,0.58,1.37,46.13,-1.56
02/18/2022 09:52:24.000000,11.52,2.88,1.19,0.0,1.09,0.0,1.13,43.53,-0.41
02/18/2022 10:10:09.000000,13.87,2.73,1.6,0.0,1.5,0.62,1.55,43.61,-0.28
02/18/2022 10:27:50.000000,17.14,2.69,1.56,0.0,1.48,0.19,1.52,46.03,-0.52
02/18/2022 10:45:35.000000,23.16,3.27,2.13,0.58,2.02,1.35,2.07,50.58,-1.44
02/18/2022 11:03:17.000000,24.14,3.5,2.03,0.0,1.93,0.96,1.97,52.21,-2.24
02/18/2022 11:20:59.000000,32.13,6.69,3.95,2.04,3.74,3.58,3.9,52.95,-1.97
02/18/2022 11:38:41.000000,32.77,7.15,3.34,1.27,3.17,3.42,3.28,52.72,-1.87
02/18/2022 11:56:23.000000,30.43,4.35,3.33,1.19,3.16,2.35,3.29,54.13,-2.32
02/18/2022 12:14:05.000000,30.51,7.15,3.69,1.96,3.47,3.19,3.64,57.99,-2.84
02/18/2022 12:31:47.000000,30.61,6.38,3.41,0.69,3.16,3.23,3.35,55.84,-2.96
02/18/2022 12:49:30.000000,33.72,7.46,4.07,1.65,3.88,3.58,4.01,57.23,-3.01
02/18/2022 13:07:12.000000,20.72,2.5,1.68,0.0,1.6,0.38,1.65,49.25,-2.38
02/18/2022 13:24:57.000000,34.73,4.96,2.3,0.04,2.15,1.19,2.26,53.54,-2.34
02/18/2022 13:42:39.000000,24.48,2.69,1.53,0.0,1.45,0.38,1.48,53.07,-2.14
02/18/2022 14:00:22.000000,28.77,4.73,2.47,0.23,2.33,1.0,2.4,54.09,-2.41
02/18/2022 14:18:04.000000,26.6,3.77,2.78,0.81,2.62,1.65,2.74,54.21,-2.66
02/18/2022 14:35:47.000000,22.33,3.58,2.06,0.0,1.96,0.81,2.02,51.76,-2.14
02/18/2022 14:53:28.000000,25.97,5.15,2.98,0.62,2.83,2.04,2.94,50.93,-1.37
02/18/2022 15:11:10.000000,24.04,4.27,3.14,1.0,2.98,2.35,3.1,48.27,-0.45
02/18/2022 15:28:52.000000,20.95,4.69,2.78,0.42,2.64,1.81,2.73,44.82,0.83
02/18/2022 15:46:33.000000,20.17,5.85,3.92,1.38,3.76,2.0,3.88,41.93,2.01
02/18/2022 16:04:17.000000,18.47,8.35,6.45,3.65,6.17,5.38,6.41,39.77,3.06
02/18/2022 16:21:58.000000,12.83,5.85,3.8,1.23,3.6,2.58,3.73,37.45,3.95
02/18/2022 16:39:48.000000,13.59,4.46,3.64,1.0,3.48,2.15,3.6,36.15,5.16
02/18/2022 16:57:31.000000,10.93,5.88,4.53,1.58,4.35,3.15,4.47,33.52,6.39
02/18/2022 17:15:17.000000,10.28,11.15,7.51,4.15,7.06,7.88,7.41,30.83,7.61
02/18/2022 17:32:57.000000,9.35,4.65,4.16,1.62,3.98,2.08,4.11,28.71,8.61
02/18/2022 17:50:37.000000,6.76,3.58,2.43,0.04,2.28,1.38,2.37,27.64,9.35
02/18/2022 18:08:20.000000,7.33,3.58,4.36,1.62,4.19,1.85,4.32,28.27,10.14
02/18/2022 18:26:00.000000,4.46,4.54,5.58,1.81,5.41,2.19,5.53,26.07,10.32
02/18/2022 18:43:39.000000,6.51,5.46,5.22,2.0,5.04,3.35,5.17,28.09,10.15
02/18/2022 19:01:22.000000,7.68,6.88,5.69,2.42,5.39,4.0,5.62,27.41,10.39
02/18/2022 19:19:05.000000,7.84,6.35,5.95,2.04,5.68,3.62,5.9,27.61,10.16
02/18/2022 19:36:48.000000,15.62,7.77,8.94,4.19,8.69,5.96,8.89,31.37,9.72
02/18/2022 19:54:28.000000,23.06,10.5,11.1,6.38,10.73,8.77,11.04,34.96,9.23
02/18/2022 20:12:08.000000,24.17,16.62,12.87,8.23,12.31,12.23,12.76,35.34,8.49
02/18/2022 20:29:51.000000,25.68,8.69,8.55,4.96,8.24,6.38,8.49,35.69,8.09
02/18/2022 20:47:34.000000,23.82,8.12,6.61,3.19,6.37,4.19,6.54,37.7,7.71
02/18/2022 21:05:14.000000,24.67,8.31,7.19,3.19,7.0,4.62,7.14,37.43,7.67
02/18/2022 21:22:58.000000,16.46,8.54,8.4,4.5,8.16,5.46,8.34,37.31,7.3
02/18/2022 21:40:41.000000,18.07,10.5,9.99,6.04,9.72,7.42,9.92,37.23,7.27
02/18/2022 21:58:24.000000,18.95,9.42,8.45,4.73,8.17,6.92,8.39,36.61,7.16
02/18/2022 22:16:04.000000,11.61,5.96,6.03,2.88,5.87,4.04,5.97,32.92,7.12
02/18/2022 22:33:44.000000,12.8,6.85,6.07,2.38,5.87,4.15,6.02,32.57,7.22
02/18/2022 22:51:24.000000,12.81,7.96,7.6,4.08,7.36,5.46,7.54,32.43,7.36
02/18/2022 23:09:08.000000,15.04,6.77,6.3,2.88,6.04,4.85,6.25,32.83,7.2
02/18/2022 23:26:51.000000,13.28,10.38,9.82,6.19,9.53,8.38,9.76,32.98,7.01
02/18/2022 23:44:31.000000,10.36,8.54,8.34,5.23,8.04,6.81,8.3,31.47,6.98
02/19/2022 00:02:11.000000,13.53,7.58,7.03,3.85,6.83,5.42,6.98,32.06,6.71
02/19/2022 00:19:55.000000,11.18,5.62,5.72,3.0,5.51,3.85,5.68,31.09,6.23
02/19/2022 00:37:38.000000,17.91,5.38,5.25,2.62,5.05,3.65,5.21,33.1,5.75
02/19/2022 00:55:22.000000,21.13,9.77,7.37,4.62,7.02,7.0,7.28,34.82,5.11
02/19/2022 01:13:06.000000,22.73,11.35,8.31,4.85,7.9,8.19,8.21,37.09,4.39
02/19/2022 01:30:50.000000,28.32,10.42,7.39,4.62,7.11,6.15,7.31,40.7,3.51
02/19/2022 01:48:31.000000,29.97,17.08,10.89,8.04,10.29,12.19,10.79,43.32,2.72
02/19/2022 02:06:15.000000,32.69,24.96,15.67,12.38,14.92,18.19,15.56,45.83,2.23
02/19/2022 02:24:00.000000,33.37,17.12,12.24,8.88,11.69,13.08,12.14,48.08,1.85
02/19/2022 02:41:44.000000,29.4,18.35,11.93,9.85,11.33,14.23,11.84,44.72,1.99
02/19/2022 02:59:25.000000,27.62,20.12,14.17,11.19,13.61,15.35,14.07,44.86,2.21
02/19/2022 03:17:06.000000,34.14,24.5,17.46,14.19,16.76,20.38,17.33,46.18,2.3
02/19/2022 03:34:51.000000,36.05,36.14,22.08,18.0,20.94,27.22,21.87,48.89,2.03
02/19/2022 03:52:32.000000,35.21,24.73,18.27,14.88,17.54,21.58,18.18,50.01,1.74
02/19/2022 04:10:14.000000,35.49,35.23,21.51,18.35,20.48,26.88,21.31,50.64,1.4
02/19/2022 04:27:58.000000,33.65,23.65,15.93,13.12,15.18,19.5,15.81,50.74,1.24
02/19/2022 04:45:39.000000,29.82,21.31,13.54,10.5,12.91,16.04,13.43,50.97,1.07
02/19/2022 05:03:23.000000,31.71,25.62,14.27,11.77,13.52,17.38,14.11,51.61,0.88
02/19/2022 05:21:08.000000,29.95,18.5,11.67,8.85,11.16,13.42,11.58,51.77,0.67
02/19/2022 05:38:49.000000,23.95,13.38,7.96,5.92,7.54,8.46,7.9,51.76,0.45
02/19/2022 05:56:34.000000,23.37,14.69,8.18,6.04,7.8,8.42,8.11,52.03,0.23
02/19/2022 06:14:18.000000,23.68,12.27,7.2,4.65,6.86,8.42,7.11,52.19,0.07
02/19/2022 06:32:00.000000,20.58,13.15,8.33,6.38,7.95,8.73,8.27,52.2,0.0
02/19/2022 06:49:45.000000,21.98,10.08,7.46,5.04,7.18,7.38,7.39,51.9,0.09
02/19/2022 07:07:29.000000,19.59,11.31,6.85,4.88,6.52,6.69,6.78,51.89,0.06
02/19/2022 07:25:11.000000,22.64,9.96,6.08,4.08,5.87,5.27,6.03,53.11,-0.26
02/19/2022 07:42:52.000000,27.92,11.12,6.95,4.65,6.65,7.0,6.89,53.66,-0.49
02/19/2022 08:00:34.000000,26.73,6.85,5.46,3.12,5.23,4.92,5.41,53.74,-0.58
02/19/2022 08:18:18.000000,22.8,9.77,5.68,3.19,5.46,5.5,5.63,53.5,-0.59
02/19/2022 08:36:00.000000,27.47,9.85,6.38,4.77,6.11,6.96,6.32,54.84,-0.74
02/19/2022 08:53:42.000000,22.92,7.54,4.72,2.85,4.57,4.27,4.66,54.29,-0.89
02/19/2022 09:11:27.000000,23.61,11.38,5.66,3.62,5.37,5.62,5.55,55.5,-1.05
02/19/2022 09:29:11.000000,23.52,11.69,6.7,4.69,6.37,7.27,6.62,55.16,-1.14
02/19/2022 09:46:53.000000,25.6,10.62,6.02,4.15,5.75,6.19,5.94,55.21,-1.17
02/19/2022 10:04:35.000000,23.93,9.58,5.76,4.19,5.52,5.62,5.72,54.61,-1.24
02/19/2022 10:22:17.000000,25.04,7.04,4.39,1.96,4.16,3.58,4.34,53.94,-1.18
02/19/2022 10:39:59.000000,26.29,8.04,5.19,3.42,4.98,4.38,5.13,54.63,-1.2
02/19/2022 10:57:41.000000,22.41,7.85,5.04,2.81,4.83,3.81,4.98,54.57,-1.34
02/19/2022 11:15:23.000000,24.69,6.27,4.14,2.04,3.93,3.58,4.1,54.93,-1.48
02/19/2022 11:33:08.000000,23.48,9.58,4.67,1.65,4.4,4.35,4.59,54.81,-1.52
02/19/2022 11:50:51.000000,24.32,8.19,4.11,2.35,3.88,4.35,4.04,54.71,-1.56
02/19/2022 12:08:33.000000,21.29,5.5,3.16,1.38,3.05,1.38,3.1,53.46,-1.6
02/19/2022 12:26:18.000000,21.49,5.5,3.03,0.81,2.88,2.04,2.97,53.55,-1.55
02/19/2022 12:43:59.000000,18.06,16.35,8.11,5.85,7.61,10.92,8.0,52.93,-1.48
02/19/2022 13:01:44.000000,19.77,3.58,2.89,0.81,2.8,1.27,2.86,52.58,-1.39
02/19/2022 13:19:27.000000,21.86,4.27,2.45,0.38,2.3,1.96,2.4,52.58,-1.34
02/19/2022 13:37:12.000000,23.08,4.27,2.75,1.15,2.62,1.96,2.69,52.24,-1.32
02/19/2022 13:54:53.000000,22.04,3.88,2.07,0.0,1.96,1.0,2.02,52.02,-1.27
02/19/2022 14:12:38.000000,18.0,2.88,1.3,0.0,1.21,0.0,1.25,50.39,-0.96
02/19/2022 14:30:20.000000,17.03,3.5,2.17,0.04,2.02,1.19,2.12,48.84,-0.53
02/19/2022 14:48:05.000000,16.0,2.35,1.93,0.23,1.86,0.62,1.9,46.27,0.45
02/19/2022 15:05:47.000000,14.73,3.69,2.29,0.0,2.16,0.77,2.23,44.29,1.31
02/19/2022 15:23:28.000000,12.85,4.88,3.32,1.0,3.14,2.54,3.26,41.82,2.23
02/19/2022 15:41:09.000000,13.17,2.88,2.14,0.0,2.02,0.77,2.1,40.56,3.16
02/19/2022 15:58:50.000000,10.97,4.12,3.64,1.04,3.47,1.81,3.6,37.24,4.37
02/19/2022 16:16:34.000000,10.89,4.15,3.26,0.85,3.1,1.23,3.2,35.8,5.37
02/19/2022 16:34:14.000000,8.23,2.77,2.69,0.62,2.55,1.04,2.64,33.02,6.15
02/19/2022 16:51:55.000000,6.78,2.96,1.94,0.23,1.85,0.42,1.88,31.49,6.98
02/19/2022 17:09:35.000000,7.94,3.73,2.81,0.62,2.68,1.38,2.74,30.3,8.28
02/19/2022 17:27:18.000000,4.56,3.54,2.31,0.42,2.17,0.81,2.25,29.37,8.91
02/19/2022 17:45:04.000000,6.26,1.96,2.05,0.0,1.97,0.42,2.01,29.0,9.66
02/19/2022 18:02:44.000000,1.53,1.35,1.36,0.0,1.29,0.0,1.33,26.39,10.16
02/19/2022 18:20:26.000000,0.99,1.15,1.53,0.0,1.45,0.0,1.5,25.41,10.98
02/19/2022 18:38:12.000000,2.78,2.12,1.52,0.0,1.43,0.19,1.48,24.43,11.58
02/19/2022 18:55:57.000000,2.44,1.73,1.39,0.0,1.32,0.38,1.35,23.28,12.01
02/19/2022 19:13:40.000000,3.43,2.12,1.54,0.0,1.43,0.19,1.5,22.89,12.63
02/19/2022 19:31:22.000000,-0.94,1.35,1.06,0.0,1.0,0.19,1.02,21.54,13.42
02/19/2022 19:49:04.000000,0.14,1.15,1.12,0.0,1.06,0.0,1.09,20.62,14.23
02/19/2022 20:06:46.000000,-4.18,0.96,0.77,0.0,0.71,0.0,0.74,19.73,14.55
02/19/2022 20:24:28.000000,-0.86,1.73,0.8,0.0,0.74,0.19,0.76,20.0,15.19
02/19/2022 20:42:07.000000,-1.88,0.77,0.88,0.0,0.81,0.0,0.85,19.67,16.17
02/19/2022 20:59:46.000000,-4.35,0.96,0.62,0.0,0.58,0.0,0.59,17.92,16.02
02/19/2022 21:17:24.000000,0.07,0.77,0.76,0.0,0.72,0.0,0.73,18.31,16.08
02/19/2022 21:35:06.000000,-0.44,1.15,0.81,0.0,0.75,0.0,0.77,18.02,16.84
02/19/2022 21:52:48.000000,0.31,2.12,1.33,0.0,1.24,0.19,1.28,18.39,16.43
02/19/2022 22:10:26.000000,3.74,1.15,1.34,0.0,1.27,0.0,1.31,18.44,16.22
02/19/2022 22:28:08.000000,1.47,1.35,1.42,0.0,1.33,0.0,1.39,18.27,16.5
02/19/2022 22:45:46.000000,3.0,1.54,1.17,0.0,1.1,0.0,1.12,18.05,16.57
02/19/2022 23:03:28.000000,2.28,1.0,0.78,0.0,0.72,0.0,0.75,17.43,16.29
02/19/2022 23:21:07.000000,3.18,0.77,0.56,0.0,0.52,0.0,0.53,17.57,15.8
02/19/2022 23:38:49.000000,3.65,0.77,0.47,0.0,0.44,0.0,0.44,16.2,15.62
02/19/2022 23:56:31.000000,3.93,0.77,0.62,0.0,0.58,0.0,0.59,15.77,15.29
02/20/2022 00:14:10.000000,5.97,0.77,0.56,0.0,0.52,0.0,0.53,16.06,15.1
02/20/2022 00:31:52.000000,10.58,2.31,1.51,0.0,1.38,0.19,1.46,17.69,14.43
02/20/2022 00:49:34.000000,18.27,5.65,5.17,2.15,4.9,3.92,5.12,20.49,13.06
02/20/2022 01:07:14.000000,11.1,2.0,1.36,0.0,1.25,0.0,1.31,18.26,12.17
02/20/2022 01:24:57.000000,10.29,2.19,1.92,0.23,1.84,0.27,1.88,18.97,11.96
02/20/2022 01:42:39.000000,3.67,1.35,0.74,0.0,0.68,0.0,0.7,16.41,11.82
02/20/2022 02:00:19.000000,9.17,1.77,1.39,0.0,1.3,0.62,1.35,18.14,11.61
02/20/2022 02:18:02.000000,7.02,1.54,0.7,0.0,0.64,0.0,0.66,18.11,11.55
02/20/2022 02:35:44.000000,8.06,1.15,0.86,0.0,0.79,0.0,0.82,18.71,11.28
02/20/2022 02:53:24.000000,6.09,0.96,0.78,0.0,0.74,0.0,0.75,18.88,11.1
02/20/2022 03:11:04.000000,8.87,1.15,0.77,0.0,0.71,0.0,0.73,19.6,11.11
02/20/2022 03:28:44.000000,8.94,0.96,0.84,0.0,0.8,0.0,0.82,20.63,10.64
02/20/2022 03:46:23.000000,8.95,1.15,0.87,0.0,0.82,0.0,0.84,20.96,10.42
02/20/2022 04:04:07.000000,7.33,1.54,1.19,0.0,1.08,0.0,1.16,20.17,10.6
02/20/2022 04:21:46.000000,8.9,1.73,0.75,0.0,0.67,0.0,0.71,20.15,10.5
02/20/2022 04:39:30.000000,8.13,1.92,1.32,0.0,1.2,0.38,1.27,19.89,10.32
02/20/2022 04:57:10.000000,10.78,2.0,2.75,0.0,2.66,0.23,2.71,21.95,9.67
02/20/2022 05:14:53.000000,26.12,7.65,6.01,2.96,5.69,4.73,5.95,25.22,8.32
02/20/2022 05:32:37.000000,29.92,9.23,7.18,3.96,6.74,6.54,7.1,28.49,7.06
02/20/2022 05:50:18.000000,25.42,6.08,3.94,1.58,3.71,3.15,3.88,29.51,6.32
02/20/2022 06:07:58.000000,24.33,7.23,4.96,2.15,4.74,3.54,4.9,29.21,6.04
02/20/2022 06:25:39.000000,21.8,7.04,4.86,2.15,4.59,3.77,4.8,29.19,5.6
02/20/2022 06:43:20.000000,13.92,3.69,2.14,0.19,2.0,1.0,2.08,26.5,5.79
02/20/2022 07:01:04.000000,27.88,8.65,5.38,3.15,5.06,4.54,5.31,30.96,5.88
02/20/2022 07:18:47.000000,30.36,8.12,5.01,2.38,4.68,5.0,4.93,34.96,4.61
02/20/2022 07:36:28.000000,26.72,20.27,8.97,5.19,8.35,11.58,8.81,33.95,3.96
02/20/2022 07:54:09.000000,32.09,10.58,6.33,3.15,5.89,7.12,6.24,36.96,3.54
02/20/2022 08:11:50.000000,27.08,9.27,5.0,2.96,4.63,4.81,4.92,35.62,3.16
02/20/2022 08:29:31.000000,25.47,6.69,4.01,1.23,3.8,3.23,3.96,34.85,2.91
02/20/2022 08:47:12.000000,25.8,5.08,3.59,1.0,3.4,2.19,3.52,36.43,2.68
02/20/2022 09:04:57.000000,29.42,8.35,4.5,1.81,4.26,3.23,4.4,36.91,2.36
02/20/2022 09:22:38.000000,28.88,7.58,4.3,1.62,4.03,4.38,4.24,38.77,1.85
02/20/2022 09:40:23.000000,30.33,7.08,3.79,1.0,3.57,2.77,3.72,35.44,2.01
02/20/2022 09:58:07.000000,27.54,4.85,2.6,0.81,2.44,1.38,2.54,36.15,2.3
02/20/2022 10:15:48.000000,24.56,3.88,2.35,0.19,2.23,0.62,2.3,37.08,1.81
02/20/2022 10:33:29.000000,10.73,1.38,0.77,0.0,0.72,0.0,0.74,30.16,2.44
02/20/2022 10:51:10.000000,7.42,1.15,0.63,0.0,0.59,0.0,0.6,27.6,4.96
02/20/2022 11:08:50.000000,26.22,3.73,2.25,0.0,2.15,1.04,2.21,31.59,4.12
02/20/2022 11:26:34.000000,21.8,2.31,1.35,0.0,1.28,0.0,1.32,31.62,3.34
02/20/2022 11:44:15.000000,21.51,3.35,1.82,0.0,1.66,1.77,1.76,32.99,2.88
02/20/2022 12:01:56.000000,23.34,2.54,1.62,0.0,1.52,0.04,1.59,34.81,1.95
02/20/2022 12:19:38.000000,29.24,3.92,1.92,0.04,1.82,0.42,1.87,37.78,1.19
02/20/2022 12:37:19.000000,28.08,3.65,2.21,0.19,2.1,0.77,2.17,40.57,0.41
02/20/2022 12:55:01.000000,32.66,3.46,1.64,0.0,1.51,0.38,1.59,41.1,0.02
02/20/2022 13:12:45.000000,28.09,1.58,1.26,0.0,1.16,0.23,1.22,35.25,0.88
02/20/2022 13:30:27.000000,29.66,5.77,3.64,1.0,3.47,2.85,3.58,37.71,1.23
02/20/2022 13:48:11.000000,7.64,1.15,0.57,0.0,0.5,0.0,0.54,24.1,3.53
02/20/2022 14:05:51.000000,7.84,1.96,0.67,0.0,0.59,0.0,0.63,25.21,5.32
02/20/2022 14:23:35.000000,13.13,1.73,0.92,0.0,0.84,0.0,0.89,26.08,5.3
02/20/2022 14:41:16.000000,8.85,1.15,0.8,0.0,0.74,0.0,0.76,24.49,5.51
02/20/2022 14:58:57.000000,10.54,1.73,0.76,0.0,0.7,0.0,0.72,25.21,5.74
02/20/2022 15:16:38.000000,13.27,2.5,0.89,0.0,0.82,0.0,0.84,25.86,5.79
02/20/2022 15:34:19.000000,10.94,1.77,0.9,0.0,0.82,0.0,0.86,25.25,6.05
02/20/2022 15:52:00.000000,10.74,1.35,0.99,0.0,0.9,0.0,0.96,23.21,7.16
02/20/2022 16:09:40.000000,4.55,1.92,1.09,0.0,1.03,0.0,1.05,19.64,9.02
02/20/2022 16:27:19.000000,7.77,1.73,1.52,0.0,1.45,0.19,1.49,19.77,9.88
02/20/2022 16:44:59.000000,16.91,4.0,4.1,1.23,3.94,1.85,4.05,24.2,10.11
02/20/2022 17:02:42.000000,15.17,4.58,3.54,1.0,3.34,1.62,3.48,23.16,10.32
02/20/2022 17:20:21.000000,15.09,3.54,2.79,0.62,2.67,1.23,2.76,23.51,11.25
02/20/2022 17:38:00.000000,7.47,3.19,3.29,1.0,3.09,1.42,3.23,21.41,11.84
02/20/2022 17:55:42.000000,0.9,1.35,1.73,0.0,1.67,0.0,1.7,17.74,13.42
02/20/2022 18:13:24.000000,-3.84,1.15,1.15,0.0,1.09,0.0,1.12,14.98,14.31
02/20/2022 18:31:06.000000,1.49,1.58,1.51,0.0,1.44,0.23,1.48,14.65,15.38
02/20/2022 18:48:51.000000,-5.49,1.35,1.6,0.0,1.52,0.19,1.58,13.87,15.71
02/20/2022 19:06:32.000000,-2.1,0.96,1.04,0.0,0.98,0.0,1.01,14.44,15.95
02/20/2022 19:24:17.000000,3.88,0.96,0.94,0.0,0.86,0.0,0.91,14.82,16.11
02/20/2022 19:41:59.000000,-7.18,0.96,0.4,0.0,0.35,0.0,0.37,12.6,16.78
02/20/2022 19:59:40.000000,-3.62,0.96,0.54,0.0,0.49,0.0,0.51,12.11,17.22
02/20/2022 20:17:21.000000,-2.9,0.77,0.36,0.0,0.31,0.0,0.33,11.25,17.69
02/20/2022 20:35:03.000000,0.44,0.96,0.47,0.0,0.41,0.0,0.44,10.29,18.01
02/20/2022 20:52:47.000000,-0.46,0.77,0.41,0.0,0.36,0.0,0.38,11.07,18.55
02/20/2022 21:10:28.000000,-1.1,1.15,0.54,0.0,0.47,0.0,0.5,10.23,18.84
02/20/2022 21:28:06.000000,-5.29,0.77,0.36,0.0,0.33,0.0,0.34,9.58,19.26
02/20/2022 21:45:48.000000,5.87,0.77,0.66,0.0,0.58,0.0,0.62,11.98,19.22
02/20/2022 22:03:32.000000,5.23,1.15,0.89,0.0,0.83,0.0,0.85,13.37,18.66
02/20/2022 22:21:13.000000,11.7,1.35,0.61,0.0,0.54,0.0,0.56,14.3,18.04
02/20/2022 22:38:55.000000,8.54,0.96,0.53,0.0,0.47,0.0,0.48,14.03,17.69
02/20/2022 22:56:36.000000,9.02,1.35,1.32,0.19,1.24,0.38,1.28,15.44,17.16
02/20/2022 23:14:18.000000,9.16,0.77,0.93,0.0,0.87,0.0,0.9,16.36,16.74
02/20/2022 23:32:00.000000,10.46,1.58,1.47,0.0,1.37,0.19,1.44,18.34,16.37
02/20/2022 23:49:42.000000,14.54,1.15,0.72,0.0,0.67,0.19,0.68,19.63,15.88
02/21/2022 00:07:21.000000,14.41,1.35,1.33,0.0,1.27,0.19,1.3,19.62,15.34
02/21/2022 00:25:03.000000,14.54,1.35,2.11,0.19,2.03,0.58,2.07,20.67,14.74
02/21/2022 00:42:45.000000,18.1,2.35,2.03,0.0,1.9,0.58,1.99,22.49,13.65
02/21/2022 01:00:25.000000,17.14,1.73,1.53,0.0,1.43,0.38,1.49,23.3,12.6
02/21/2022 01:18:07.000000,17.54,2.15,2.14,0.38,2.03,0.96,2.11,24.14,11.59
02/21/2022 01:35:50.000000,18.9,3.73,3.1,0.77,2.97,1.38,3.04,24.89,11.04
02/21/2022 01:53:30.000000,15.76,4.38,3.29,1.04,3.05,2.04,3.24,24.33,10.53
02/21/2022 02:11:10.000000,25.49,7.85,5.31,1.81,5.05,4.35,5.22,26.73,9.7
02/21/2022 02:28:51.000000,30.6,13.85,12.26,6.04,11.76,8.85,12.15,30.4,8.61
02/21/2022 02:46:31.000000,34.89,18.04,10.24,6.38,9.6,11.0,10.09,33.1,7.67
02/21/2022 03:04:12.000000,31.41,16.42,10.63,6.04,10.02,11.27,10.51,33.84,7.18
02/21/2022 03:21:52.000000,34.34,16.96,13.3,8.85,12.53,14.85,13.21,35.52,6.75
02/21/2022 03:39:33.000000,33.2,14.77,11.37,7.58,10.77,11.19,11.28,37.27,6.09
02/21/2022 03:57:14.000000,35.31,18.0,12.55,8.42,11.87,12.88,12.46,38.76,5.15
02/21/2022 04:14:58.000000,34.05,20.46,13.45,10.19,12.77,14.35,13.31,39.64,4.86
02/21/2022 04:32:39.000000,36.16,19.62,13.41,8.46,12.86,13.12,13.27,40.21,4.75
02/21/2022 04:50:20.000000,35.13,24.88,15.27,11.46,14.58,15.77,15.14,41.51,4.27
02/21/2022 05:08:04.000000,33.79,21.62,14.81,10.96,14.1,16.92,14.69,42.55,4.12
02/21/2022 05:25:45.000000,29.93,18.38,9.98,6.54,9.39,12.54,9.83,38.63,3.92
02/21/2022 05:43:30.000000,21.67,8.12,5.56,2.65,5.31,4.62,5.49,33.76,4.14
02/21/2022 06:01:14.000000,20.88,5.77,4.03,1.0,3.83,3.23,3.96,31.95,4.29
02/21/2022 06:18:55.000000,16.51,4.69,3.77,0.62,3.63,1.42,3.7,30.86,4.2
02/21/2022 06:36:36.000000,19.05,5.27,3.25,0.81,3.07,1.62,3.19,32.68,3.91
02/21/2022 06:54:21.000000,17.92,3.31,5.23,0.38,5.06,1.19,5.2,31.69,3.54
02/21/2022 07:12:02.000000,17.43,3.46,1.89,0.0,1.76,0.77,1.85,31.21,3.31
02/21/2022 07:29:43.000000,16.73,2.12,1.62,0.0,1.53,0.19,1.58,33.67,3.37
02/21/2022 07:47:24.000000,16.58,1.96,1.47,0.04,1.41,0.23,1.45,32.65,2.86
02/21/2022 08:05:06.000000,21.65,1.58,1.59,0.0,1.49,0.0,1.55,36.92,2.29
02/21/2022 08:22:50.000000,21.34,4.69,2.88,0.81,2.71,2.19,2.82,35.92,2.05
02/21/2022 08:40:31.000000,23.06,5.47,2.6,0.58,2.4,1.39,2.51,36.12,1.81
02/21/2022 08:58:13.000000,27.09,3.92,2.45,0.23,2.35,0.85,2.41,40.96,1.53
02/21/2022 09:15:55.000000,29.22,4.31,2.38,0.0,2.25,1.42,2.32,40.82,1.04
02/21/2022 09:33:36.000000,21.34,3.12,2.05,0.0,1.94,0.96,2.0,37.6,1.19
02/21/2022 09:51:24.000000,18.42,1.92,0.88,0.0,0.82,0.0,0.85,35.73,1.31
02/21/2022 10:09:06.000000,22.04,3.27,1.24,0.0,1.14,0.38,1.19,39.21,1.0
02/21/2022 10:26:48.000000,27.76,3.12,1.73,0.19,1.64,0.38,1.68,40.98,0.48
02/21/2022 10:44:29.000000,20.0,1.92,1.1,0.0,1.0,0.0,1.07,40.71,0.4
02/21/2022 11:02:12.000000,22.79,1.77,1.31,0.0,1.23,0.04,1.28,41.05,0.44
02/21/2022 11:19:54.000000,24.55,2.92,1.43,0.0,1.29,0.23,1.38,40.51,-0.08
02/21/2022 11:37:39.000000,23.12,2.15,1.25,0.0,1.16,0.42,1.21,44.3,-0.05
02/21/2022 11:55:23.000000,20.48,3.08,0.92,0.0,0.83,0.58,0.86,39.9,0.38
02/21/2022 12:13:05.000000,20.37,1.73,1.16,0.0,1.08,0.0,1.12,39.18,0.54
02/21/2022 12:30:50.000000,14.51,2.12,1.07,0.0,1.0,0.19,1.04,37.84,1.06
02/21/2022 12:48:32.000000,13.73,2.88,1.18,0.0,1.1,0.0,1.13,34.51,1.74
02/21/2022 13:06:13.000000,17.04,1.92,1.47,0.0,1.4,0.0,1.42,34.8,1.61
02/21/2022 13:23:58.000000,17.64,1.54,0.78,0.0,0.72,0.0,0.74,35.17,1.34
02/21/2022 13:41:39.000000,23.53,2.35,1.23,0.0,1.13,0.0,1.19,36.63,1.17
02/21/2022 13:59:21.000000,25.16,3.12,1.63,0.0,1.51,0.81,1.57,40.05,0.75
02/21/2022 14:17:02.000000,25.35,3.73,2.21,0.04,2.1,0.81,2.16,38.8,0.85
02/21/2022 14:34:47.000000,19.55,1.92,1.26,0.0,1.19,0.0,1.22,36.05,1.44
02/21/2022 14:52:28.000000,17.04,2.15,1.46,0.0,1.39,0.04,1.42,35.24,2.37
02/21/2022 15:10:12.000000,20.36,2.35,1.62,0.0,1.53,0.19,1.58,33.68,3.22
02/21/2022 15:27:53.000000,10.57,2.69,1.97,0.0,1.89,0.0,1.91,30.9,4.2
02/21/2022 15:45:37.000000,13.63,1.54,1.61,0.0,1.53,0.0,1.57,30.01,4.88
02/21/2022 16:03:20.000000,16.89,3.5,1.95,0.0,1.79,0.62,1.89,29.71,5.51
02/21/2022 16:21:03.000000,16.16,3.85,2.24,0.04,2.11,0.81,2.19,28.92,6.16
02/21/2022 16:38:47.000000,14.49,2.92,1.91,0.0,1.85,0.04,1.86,27.66,6.8
02/21/2022 16:56:27.000000,8.55,1.77,1.76,0.04,1.67,0.23,1.73,25.74,7.89
02/21/2022 17:14:10.000000,8.5,2.73,1.49,0.0,1.38,0.42,1.44,24.67,8.81
02/21/2022 17:31:50.000000,6.78,2.35,1.71,0.0,1.62,0.23,1.66,23.32,9.8
02/21/2022 17:49:30.000000,1.03,1.73,1.11,0.0,1.04,0.0,1.07,21.24,11.46
02/21/2022 18:07:09.000000,0.33,1.42,0.87,0.0,0.81,0.0,0.84,20.07,12.65
02/21/2022 18:24:51.000000,-5.33,1.15,1.13,0.0,1.06,0.0,1.1,17.17,13.93
02/21/2022 18:42:33.000000,17.4,8.62,6.3,3.04,5.97,5.08,6.23,35.34,10.49
02/21/2022 19:00:14.000000,24.29,10.85,7.25,4.35,6.85,7.15,7.14,43.89,5.91
02/21/2022 19:17:58.000000,22.83,13.42,9.26,5.69,8.82,9.12,9.19,49.64,4.13
02/21/2022 19:35:39.000000,23.92,21.92,13.62,10.88,12.87,17.0,13.49,52.26,2.96
02/21/2022 19:53:23.000000,20.16,16.31,9.81,6.92,9.26,11.62,9.68,52.39,1.93
02/21/2022 20:11:10.000000,20.09,16.38,9.4,7.5,8.9,10.92,9.3,55.3,0.99
02/21/2022 20:28:55.000000,23.19,18.85,9.75,8.5,9.14,13.35,9.65,56.94,0.25
02/21/2022 20:46:40.000000,19.75,20.69,10.57,8.92,9.86,15.0,10.44,56.75,-0.17
02/21/2022 21:04:24.000000,14.06,20.38,9.27,7.35,8.7,12.77,9.16,56.43,-0.68
02/21/2022 21:22:06.000000,18.8,12.27,6.79,5.23,6.42,8.04,6.72,56.87,-1.04
02/21/2022 21:39:51.000000,15.93,14.5,6.04,3.81,5.74,7.19,5.92,57.55,-1.52
02/21/2022 21:57:36.000000,19.94,20.73,10.05,8.77,9.44,16.5,9.92,59.62,-2.08
02/21/2022 22:15:18.000000,18.53,17.04,6.9,5.15,6.45,9.46,6.77,59.67,-2.58
02/21/2022 22:33:03.000000,20.15,22.27,8.66,7.15,8.05,12.35,8.52,60.12,-2.99
02/21/2022 22:50:45.000000,17.54,25.71,10.4,8.97,9.49,18.11,10.24,61.42,-3.32
02/21/2022 23:08:27.000000,15.01,20.51,8.47,7.17,7.91,13.88,8.33,60.46,-3.84
02/21/2022 23:26:13.000000,17.26,22.88,7.74,6.0,7.15,14.08,7.58,61.3,-4.26
02/21/2022 23:43:58.000000,16.84,23.0,8.54,7.88,7.75,16.81,8.37,61.53,-4.51
02/22/2022 00:01:40.000000,13.19,19.92,9.02,8.58,8.36,14.35,8.93,61.68,-4.91
02/22/2022 00:19:26.000000,14.24,18.46,6.47,5.38,5.96,12.12,6.33,63.04,-5.7
02/22/2022 00:37:09.000000,16.28,13.85,5.72,4.04,5.36,8.96,5.64,65.08,-6.38
02/22/2022 00:54:52.000000,14.33,15.58,5.5,4.54,5.1,8.42,5.39,65.48,-6.91
02/22/2022 01:12:35.000000,12.47,14.44,4.56,3.19,4.25,6.81,4.45,66.86,-7.4
02/22/2022 01:30:22.000000,15.16,19.36,6.74,5.19,6.22,10.61,6.63,66.86,-8.01
02/22/2022 01:48:08.000000,11.46,11.77,4.48,3.0,4.15,6.31,4.4,64.09,-8.43
02/22/2022 02:05:52.000000,13.64,18.03,6.03,5.19,5.6,9.97,5.93,65.61,-8.77
02/22/2022 02:23:36.000000,12.5,20.85,7.13,5.88,6.57,14.15,6.99,66.2,-9.17
02/22/2022 02:41:19.000000,13.84,24.38,7.78,6.94,7.19,14.05,7.64,65.96,-9.52
02/22/2022 02:59:03.000000,13.76,10.69,3.67,2.81,3.42,5.12,3.58,63.14,-9.83
02/22/2022 03:16:47.000000,9.67,8.92,3.19,1.65,3.0,2.96,3.13,63.86,-10.11
02/22/2022 03:34:31.000000,12.9,16.72,5.23,4.14,4.85,9.3,5.1,66.45,-10.35
02/22/2022 03:52:14.000000,14.1,8.12,3.79,2.77,3.56,5.15,3.75,67.65,-10.63
02/22/2022 04:09:58.000000,15.73,12.27,4.41,3.92,4.09,8.42,4.33,69.26,-10.91
02/22/2022 04:27:42.000000,13.16,13.31,4.29,2.77,3.95,8.23,4.18,69.21,-11.27
02/22/2022 04:45:26.000000,10.24,10.62,3.76,2.19,3.51,5.35,3.7,67.59,-11.74
02/22/2022 05:03:10.000000,11.13,6.19,2.38,0.85,2.18,3.81,2.34,67.21,-12.05
02/22/2022 05:20:57.000000,13.11,7.46,2.45,0.85,2.26,3.62,2.38,68.12,-12.28
02/22/2022 05:38:42.000000,13.71,13.19,3.62,2.77,3.35,6.12,3.54,69.07,-12.54
02/22/2022 05:56:26.000000,11.05,4.96,1.98,0.08,1.86,1.69,1.93,67.26,-12.84
02/22/2022 06:14:11.000000,14.78,50.33,14.86,18.2,13.8,30.63,14.6,71.93,-13.0
02/22/2022 06:31:58.000000,12.62,18.62,5.83,4.88,5.42,11.04,5.73,71.98,-13.2
02/22/2022 06:49:42.000000,15.36,17.31,5.41,4.96,5.07,9.27,5.29,73.36,-13.5
02/22/2022 07:07:27.000000,8.49,17.81,5.18,4.5,4.81,8.5,5.08,71.22,-13.92
02/22/2022 07:25:11.000000,12.81,10.42,3.69,2.58,3.47,5.35,3.61,68.76,-14.19
02/22/2022 07:42:55.000000,12.72,14.69,5.16,5.23,4.89,8.85,5.08,73.45,-14.35
02/22/2022 08:00:55.000000,11.83,11.04,3.86,3.08,3.61,5.46,3.79,68.16,-14.63
02/22/2022 08:18:40.000000,13.12,18.5,5.97,5.04,5.52,11.88,5.87,69.79,-14.96
02/22/2022 08:36:24.000000,11.25,13.42,4.95,4.69,4.67,8.04,4.88,69.68,-15.39
02/22/2022 08:54:09.000000,13.3,13.31,4.98,4.69,4.64,8.88,4.91,70.0,-15.48
02/22/2022 09:11:54.000000,13.07,12.08,4.45,4.58,4.17,7.58,4.39,68.65,-15.57
02/22/2022 09:29:39.000000,9.95,6.58,1.79,0.0,1.66,1.23,1.72,68.13,-15.7
02/22/2022 09:47:24.000000,16.08,13.42,3.99,3.08,3.67,8.42,3.89,66.45,-15.82
02/22/2022 10:05:09.000000,13.95,14.88,4.31,3.73,3.98,7.46,4.25,67.39,-15.92
02/22/2022 10:22:54.000000,15.5,12.65,3.2,2.39,2.9,4.86,3.08,64.95,-16.12
02/22/2022 10:40:39.000000,13.97,7.5,2.72,1.61,2.54,3.81,2.66,67.02,-16.21
02/22/2022 10:58:24.000000,12.55,11.04,3.55,2.19,3.29,5.46,3.47,66.5,-16.34
02/22/2022 11:16:09.000000,18.78,16.09,6.39,6.09,6.1,9.73,6.3,64.77,-16.37
02/22/2022 11:33:54.000000,17.61,15.75,4.11,3.7,3.81,7.7,4.0,65.14,-16.52
02/22/2022 11:51:39.000000,13.62,9.0,2.87,1.62,2.64,5.15,2.8,65.32,-16.59
02/22/2022 12:09:24.000000,12.55,7.19,2.31,1.23,2.12,2.65,2.25,63.51,-16.61
02/22/2022 12:27:09.000000,10.9,9.63,2.98,1.55,2.77,3.75,2.89,63.77,-16.66
02/22/2022 12:44:54.000000,11.3,6.67,2.38,0.89,2.2,2.4,2.32,64.7,-16.65
02/22/2022 13:02:39.000000,15.68,10.8,3.75,1.61,3.52,4.58,3.68,66.7,-16.76
02/22/2022 13:20:24.000000,18.6,9.05,3.27,2.0,3.11,3.17,3.22,67.07,-16.81
02/22/2022 13:38:12.000000,16.58,28.22,8.79,11.22,8.2,18.75,8.67,69.79,-16.89
02/22/2022 13:56:01.000000,19.36,14.96,3.88,2.58,3.56,6.52,3.8,68.38,-17.02
02/22/2022 14:13:46.000000,17.53,32.01,9.85,11.33,9.23,20.93,9.71,69.25,-16.97
02/22/2022 14:31:31.000000,14.63,11.33,3.8,2.78,3.49,6.81,3.72,66.29,-16.86
02/22/2022 14:49:16.000000,14.51,19.19,6.64,6.72,6.18,13.17,6.56,68.29,-16.84
02/22/2022 15:07:01.000000,13.42,25.12,7.96,9.05,7.37,16.57,7.86,67.67,-16.64
02/22/2022 15:24:46.000000,10.94,19.43,4.3,3.75,3.9,8.08,4.16,66.78,-16.72
02/22/2022 15:42:31.000000,13.62,20.08,6.36,6.22,5.93,11.72,6.26,67.14,-16.36
02/22/2022 16:00:16.000000,12.05,8.56,2.78,1.61,2.62,3.03,2.73,64.67,-15.96
02/22/2022 16:18:01.000000,14.24,10.73,3.27,2.0,3.03,6.77,3.21,62.83,-15.57
02/22/2022 16:35:46.000000,13.54,8.14,2.88,1.22,2.66,4.19,2.83,63.48,-15.72
02/22/2022 16:53:31.000000,14.53,23.45,8.64,8.81,8.19,15.61,8.52,66.52,-15.86
02/22/2022 17:11:16.000000,16.56,8.52,2.73,1.22,2.56,3.03,2.69,65.84,-15.68
02/22/2022 17:29:01.000000,10.06,10.81,4.31,3.23,4.02,7.54,4.25,58.59,-15.03
02/22/2022 17:46:46.000000,9.78,11.85,4.71,4.19,4.42,8.38,4.66,57.69,-14.18
02/22/2022 18:04:31.000000,9.59,6.31,2.26,0.77,2.13,2.0,2.2,55.19,-13.82
02/22/2022 18:22:18.000000,9.89,13.38,4.84,3.62,4.58,6.77,4.74,51.47,-12.94
02/22/2022 18:40:02.000000,8.67,10.08,3.69,2.46,3.42,6.27,3.62,49.41,-12.54
02/22/2022 18:57:46.000000,10.03,12.23,5.31,5.35,5.01,7.73,5.25,49.17,-12.41
02/22/2022 19:15:31.000000,10.5,14.0,5.13,4.08,4.83,9.04,5.04,49.45,-12.14
02/22/2022 19:33:15.000000,11.06,13.38,5.28,4.38,4.95,8.69,5.2,53.3,-12.74
02/22/2022 19:50:59.000000,13.66,8.77,3.85,3.23,3.66,5.31,3.8,55.1,-12.56
02/22/2022 20:08:43.000000,10.19,10.04,4.69,4.0,4.46,6.19,4.62,51.91,-12.45
02/22/2022 20:26:28.000000,9.68,13.0,4.88,3.54,4.55,7.81,4.81,50.57,-12.05
02/22/2022 20:44:12.000000,9.06,14.0,5.18,3.88,4.92,6.54,5.11,49.18,-11.56
02/22/2022 21:01:56.000000,11.01,12.35,6.06,4.08,5.74,7.96,5.98,47.34,-11.59
02/22/2022 21:19:40.000000,11.33,13.0,4.1,3.54,3.77,6.38,4.01,50.35,-10.87
02/22/2022 21:37:24.000000,14.16,10.5,3.69,2.08,3.46,4.46,3.62,55.66,-11.8
02/22/2022 21:55:08.000000,10.86,13.36,4.79,3.22,4.44,6.5,4.71,53.75,-11.73
02/22/2022 22:12:52.000000,12.9,14.65,5.15,4.15,4.83,9.12,5.07,52.42,-11.56
02/22/2022 22:30:39.000000,13.9,13.23,5.94,5.23,5.58,9.42,5.87,56.55,-12.15
02/22/2022 22:48:32.000000,15.14,16.42,6.3,5.04,5.96,8.08,6.2,55.88,-12.2
02/22/2022 23:06:16.000000,14.91,13.04,5.61,3.69,5.27,8.15,5.54,56.27,-12.12
02/22/2022 23:24:03.000000,14.1,15.54,5.42,4.27,5.04,8.08,5.33,55.37,-12.25
02/22/2022 23:41:50.000000,14.99,12.42,5.24,3.81,4.91,8.58,5.16,53.48,-12.41
02/22/2022 23:59:35.000000,11.89,21.12,8.1,7.54,7.68,13.08,8.0,53.59,-12.66
02/23/2022 00:17:19.000000,13.94,7.27,2.85,1.92,2.69,3.73,2.8,55.49,-12.85
02/23/2022 00:35:03.000000,16.73,14.38,5.42,4.5,5.12,8.81,5.35,65.09,-13.22
02/23/2022 00:52:48.000000,12.01,12.81,4.2,3.54,3.97,5.04,4.13,66.56,-13.64
02/23/2022 01:10:36.000000,16.83,11.85,3.79,3.23,3.57,5.04,3.7,68.96,-13.78
02/23/2022 01:28:21.000000,11.5,7.31,3.15,1.69,2.95,2.73,3.1,69.8,-13.92
02/23/2022 01:46:08.000000,17.05,16.35,5.7,6.0,5.34,9.46,5.59,71.12,-13.94
02/23/2022 02:03:56.000000,15.96,7.65,2.7,0.85,2.53,3.54,2.63,70.37,-13.95
02/23/2022 02:21:41.000000,14.96,17.01,4.1,2.72,3.81,5.44,3.97,71.75,-13.92
02/23/2022 02:39:25.000000,14.84,8.81,2.75,2.12,2.57,4.12,2.68,70.58,-13.88
02/23/2022 02:57:10.000000,13.12,7.77,2.96,1.73,2.84,3.54,2.91,70.91,-13.94
02/23/2022 03:14:54.000000,14.76,6.38,2.14,1.15,1.94,2.58,2.1,71.42,-13.98
02/23/2022 03:32:39.000000,15.66,13.12,3.74,2.38,3.5,5.54,3.65,73.96,-14.05
02/23/2022 03:50:24.000000,14.65,9.92,3.68,3.04,3.44,5.5,3.61,74.69,-14.14
02/23/2022 04:08:08.000000,16.44,12.92,3.64,2.65,3.4,6.08,3.54,74.32,-14.19
02/23/2022 04:25:53.000000,18.37,13.31,4.43,3.65,4.15,5.54,4.34,74.36,-14.26
02/23/2022 04:43:41.000000,13.78,18.5,5.77,4.88,5.35,10.73,5.65,76.13,-14.32
02/23/2022 05:01:26.000000,13.46,19.27,5.55,4.88,5.16,9.5,5.42,75.85,-14.42
02/23/2022 05:19:11.000000,15.9,17.34,5.36,4.58,5.01,9.58,5.26,76.97,-14.5
02/23/2022 05:36:55.000000,15.81,16.69,5.36,4.88,5.02,8.81,5.27,77.13,-14.63
02/23/2022 05:54:40.000000,14.16,15.92,5.03,3.46,4.61,9.5,4.91,72.27,-14.84
02/23/2022 06:12:25.000000,15.41,14.77,5.78,5.73,5.37,9.65,5.71,73.69,-15.01
02/23/2022 06:30:09.000000,15.41,10.35,4.06,2.58,3.81,5.65,3.99,73.8,-15.19
02/23/2022 06:47:54.000000,15.91,16.69,4.38,3.15,4.05,8.04,4.27,73.46,-15.29
02/23/2022 07:05:42.000000,14.8,13.58,3.52,2.0,3.25,6.19,3.39,73.86,-15.36
02/23/2022 07:23:27.000000,12.92,8.88,2.69,1.15,2.48,3.15,2.62,72.6,-15.47
02/23/2022 07:41:12.000000,13.22,4.31,1.95,0.38,1.87,0.85,1.91,69.74,-15.65
02/23/2022 07:58:57.000000,15.04,4.77,1.26,0.0,1.16,0.38,1.21,68.94,-15.77
02/23/2022 08:16:45.000000,14.74,11.71,2.89,1.55,2.65,3.75,2.8,71.59,-15.83
02/23/2022 08:34:30.000000,15.04,9.69,3.13,1.88,2.92,4.0,3.06,70.01,-15.86
02/23/2022 08:52:15.000000,17.12,10.08,2.67,1.23,2.43,4.58,2.6,72.05,-15.83
02/23/2022 09:10:00.000000,11.67,8.04,2.71,1.92,2.54,3.23,2.65,71.47,-15.89
02/23/2022 09:27:45.000000,12.6,8.41,2.35,0.78,2.15,2.72,2.29,70.66,-16.0
02/23/2022 09:45:30.000000,20.41,9.19,2.52,1.23,2.32,3.73,2.45,70.76,-16.12
02/23/2022 10:03:18.000000,15.39,14.05,4.85,4.14,4.55,7.97,4.75,72.94,-16.27
02/23/2022 10:21:03.000000,18.76,21.82,7.48,8.47,7.03,13.41,7.36,72.92,-16.48
02/23/2022 10:38:49.000000,17.96,5.27,2.22,0.85,2.11,1.69,2.18,70.25,-16.72
02/23/2022 10:56:34.000000,14.27,5.5,1.42,0.0,1.28,1.22,1.36,70.69,-16.95
02/23/2022 11:14:19.000000,18.95,4.86,2.33,0.89,2.21,1.86,2.28,71.78,-17.22
02/23/2022 11:32:04.000000,17.37,7.69,2.16,0.78,1.98,3.17,2.09,73.1,-17.34
02/23/2022 11:49:49.000000,15.27,3.81,1.7,0.39,1.61,0.83,1.66,71.96,-17.43
02/23/2022 12:07:35.000000,13.64,5.5,1.69,0.78,1.59,0.83,1.65,71.51,-17.55
02/23/2022 12:25:20.000000,13.41,4.97,1.36,0.0,1.23,1.28,1.3,70.79,-17.61
02/23/2022 12:43:06.000000,13.31,4.58,1.68,0.78,1.56,1.42,1.64,71.13,-17.65
02/23/2022 13:00:51.000000,12.87,7.3,2.06,0.45,1.91,2.78,1.98,71.0,-17.73
02/23/2022 13:18:40.000000,15.03,5.75,1.87,0.45,1.72,1.28,1.82,70.58,-17.72
02/23/2022 13:36:25.000000,13.05,13.21,3.66,2.19,3.38,5.36,3.57,71.59,-17.72
02/23/2022 13:54:11.000000,13.05,8.17,2.66,0.83,2.45,2.64,2.6,69.36,-17.66
02/23/2022 14:11:56.000000,13.09,6.03,2.21,1.22,2.07,2.64,2.16,67.65,-17.5
02/23/2022 14:29:42.000000,12.37,8.42,2.11,0.45,1.94,2.45,2.04,66.11,-17.16
02/23/2022 14:47:27.000000,11.21,12.69,3.48,2.19,3.23,5.36,3.38,65.5,-17.14
02/23/2022 15:05:13.000000,11.89,8.17,2.52,0.45,2.33,3.17,2.44,64.06,-17.03
02/23/2022 15:23:01.000000,12.99,6.72,2.55,1.22,2.41,3.22,2.52,64.38,-16.84
02/23/2022 15:40:46.000000,12.25,8.75,2.59,0.83,2.39,2.83,2.51,63.73,-16.34
02/23/2022 15:58:34.000000,12.26,6.31,2.31,0.46,2.18,0.85,2.26,60.68,-15.48
02/23/2022 16:16:20.000000,10.0,8.69,2.74,1.23,2.55,3.23,2.68,55.85,-14.65
02/23/2022 16:34:07.000000,10.32,8.69,2.51,0.85,2.3,3.69,2.44,54.25,-14.8
02/23/2022 16:51:56.000000,9.52,13.0,2.56,0.85,2.36,3.04,2.47,53.84,-14.02
02/23/2022 17:09:40.000000,8.8,5.58,1.87,0.38,1.76,1.15,1.83,50.27,-12.11
02/23/2022 17:27:25.000000,10.43,6.85,2.71,0.85,2.55,3.04,2.66,50.1,-11.86
02/23/2022 17:45:09.000000,8.79,8.85,2.7,1.23,2.5,3.15,2.65,48.78,-11.73
02/23/2022 18:02:53.000000,8.52,8.15,2.88,1.69,2.7,3.0,2.83,49.06,-11.93
02/23/2022 18:20:38.000000,8.41,8.58,2.69,1.23,2.47,4.58,2.61,45.94,-11.05
02/23/2022 18:38:22.000000,8.56,5.88,2.13,0.46,1.97,1.31,2.08,43.77,-9.87
02/23/2022 18:56:05.000000,8.39,12.77,4.38,3.31,4.16,6.15,4.3,43.87,-9.24
02/23/2022 19:13:49.000000,9.73,11.96,3.89,2.46,3.66,4.81,3.81,45.31,-9.86
02/23/2022 19:31:36.000000,8.16,13.46,5.36,4.65,5.04,7.23,5.3,42.03,-9.46
02/23/2022 19:49:23.000000,10.75,11.88,5.07,3.58,4.75,7.96,5.0,43.24,-9.14
02/23/2022 20:07:07.000000,9.5,12.96,3.84,2.62,3.54,4.81,3.74,43.17,-9.53
02/23/2022 20:24:50.000000,11.18,15.35,6.65,5.96,6.29,10.08,6.57,44.16,-9.46
02/23/2022 20:42:34.000000,9.66,15.58,7.02,6.73,6.65,10.35,6.94,42.66,-8.71
02/23/2022 21:00:24.000000,10.83,15.12,6.21,5.08,5.79,10.08,6.1,44.11,-8.01
02/23/2022 21:18:08.000000,10.84,13.42,6.04,4.73,5.7,8.92,5.95,45.44,-8.57
02/23/2022 21:35:51.000000,12.33,9.19,4.27,3.19,4.06,5.92,4.18,45.5,-9.42
02/23/2022 21:53:35.000000,11.46,20.0,7.48,6.81,7.0,12.5,7.36,44.61,-8.9
02/23/2022 22:11:18.000000,11.74,12.54,6.12,5.85,5.87,8.38,6.05,45.19,-8.57
02/23/2022 22:29:05.000000,14.29,20.5,7.59,7.27,7.12,12.23,7.49,46.87,-9.22
02/23/2022 22:46:49.000000,11.87,20.35,6.7,6.08,6.28,12.12,6.59,46.92,-9.73
02/23/2022 23:04:33.000000,14.16,18.77,6.95,6.0,6.48,12.85,6.81,48.34,-10.07
02/23/2022 23:22:17.000000,14.46,15.31,4.09,2.77,3.75,7.46,4.0,49.83,-10.69
02/23/2022 23:40:00.000000,15.11,16.38,6.33,5.77,6.01,8.92,6.23,50.02,-10.8
02/23/2022 23:57:44.000000,12.9,17.88,6.2,6.08,5.85,9.31,6.11,51.02,-11.39
02/24/2022 00:15:28.000000,14.67,18.19,6.45,5.58,6.13,10.54,6.35,52.42,-11.81
02/24/2022 00:33:13.000000,15.3,13.46,5.32,3.88,4.95,8.38,5.25,54.59,-12.24
02/24/2022 00:50:57.000000,15.72,16.27,6.66,6.38,6.23,11.73,6.57,55.49,-12.67
02/24/2022 01:08:44.000000,14.08,17.04,5.47,5.04,5.12,9.35,5.39,56.28,-12.97
02/24/2022 01:26:29.000000,15.0,19.54,6.44,4.96,6.08,12.42,6.31,56.54,-13.07
02/24/2022 01:44:13.000000,13.85,13.54,5.15,3.58,4.85,8.58,5.08,58.19,-13.07
02/24/2022 02:01:58.000000,13.74,10.58,4.07,2.85,3.82,6.08,4.0,57.06,-13.09
02/24/2022 02:19:42.000000,16.15,17.19,5.9,5.12,5.55,10.88,5.8,63.63,-13.16
02/24/2022 02:37:30.000000,15.19,16.46,5.86,5.04,5.42,8.69,5.77,65.77,-13.35
02/24/2022 02:55:14.000000,15.03,20.58,7.53,8.09,7.06,14.1,7.42,67.23,-13.71
02/24/2022 03:12:59.000000,15.95,27.85,8.09,7.73,7.52,15.0,7.92,66.55,-13.89
02/24/2022 03:30:43.000000,14.59,23.77,6.19,6.31,5.71,13.38,6.05,67.93,-13.97
02/24/2022 03:48:28.000000,14.89,30.65,8.79,9.77,8.2,16.65,8.6,68.34,-13.97
02/24/2022 04:06:13.000000,14.8,22.0,7.88,8.88,7.38,15.77,7.78,69.27,-13.92
02/24/2022 04:23:57.000000,12.85,25.73,8.45,7.92,7.98,15.58,8.32,68.39,-13.82
02/24/2022 04:41:42.000000,14.22,19.62,6.12,5.73,5.69,10.88,5.98,67.74,-13.78
02/24/2022 04:59:26.000000,12.79,19.62,7.88,8.04,7.37,14.19,7.78,68.84,-13.73
02/24/2022 05:17:11.000000,13.46,28.48,7.46,7.06,6.89,14.37,7.28,69.62,-13.78
02/24/2022 05:34:55.000000,14.57,22.42,6.94,6.65,6.49,12.77,6.83,69.29,-13.79
02/24/2022 05:52:37.000000,13.82,27.82,8.53,8.27,7.92,17.8,8.37,70.35,-13.71
02/24/2022 06:10:21.000000,15.41,31.58,10.32,10.88,9.66,21.12,10.14,72.29,-13.71
02/24/2022 06:28:06.000000,14.53,22.45,7.41,7.37,6.95,11.4,7.28,71.17,-13.67
02/24/2022 06:45:50.000000,14.64,27.06,8.71,9.12,8.12,17.34,8.55,71.4,-13.6
02/24/2022 07:03:35.000000,15.4,25.81,9.66,10.31,9.11,17.38,9.55,71.9,-13.57
02/24/2022 07:21:19.000000,12.15,17.15,6.13,5.56,5.77,9.62,6.03,69.88,-13.51
02/24/2022 07:39:03.000000,13.08,26.38,8.35,9.65,7.87,15.58,8.2,71.45,-13.53
02/24/2022 07:56:48.000000,12.52,27.5,8.71,9.54,8.24,15.27,8.56,71.13,-13.5
02/24/2022 08:14:32.000000,14.93,30.23,9.61,10.69,9.02,17.19,9.47,70.99,-13.42
02/24/2022 08:32:17.000000,14.17,23.93,9.22,10.42,8.7,15.97,9.12,70.15,-13.36
02/24/2022 08:50:01.000000,14.22,23.54,8.65,9.27,8.1,15.58,8.56,70.31,-13.32
02/24/2022 09:07:46.000000,17.31,39.12,9.41,9.63,8.72,18.27,9.18,71.78,-13.28
02/24/2022 09:25:30.000000,15.95,25.27,10.0,10.88,9.43,17.73,9.88,69.23,-13.29
02/24/2022 09:43:14.000000,16.95,27.54,10.09,10.77,9.56,18.73,9.94,70.75,-13.32
02/24/2022 10:00:59.000000,18.13,22.19,8.25,8.0,7.81,13.5,8.14,70.78,-13.25
02/24/2022 10:18:43.000000,12.9,18.73,5.26,4.96,4.77,11.0,5.16,70.03,-13.32
02/24/2022 10:36:27.000000,14.64,13.88,4.11,2.54,3.85,6.85,4.01,71.95,-13.51
02/24/2022 10:54:11.000000,12.68,15.08,4.81,3.88,4.39,9.81,4.71,71.09,-13.7
02/24/2022 11:11:56.000000,14.55,20.08,5.82,4.58,5.33,11.38,5.7,70.58,-13.85
02/24/2022 11:29:40.000000,13.83,15.88,4.54,3.5,4.19,7.81,4.43,70.83,-13.95
02/24/2022 11:47:25.000000,12.23,28.81,7.77,7.35,7.16,15.69,7.6,68.49,-14.21
02/24/2022 12:05:10.000000,13.51,19.88,5.63,5.04,5.21,11.46,5.48,69.06,-14.56
02/24/2022 12:22:54.000000,14.49,19.69,4.98,4.06,4.59,10.23,4.84,68.83,-14.81
02/24/2022 12:40:39.000000,14.26,17.38,4.47,3.62,4.09,8.38,4.36,71.98,-14.95
02/24/2022 12:58:24.000000,13.87,18.77,5.61,5.35,5.14,11.77,5.48,70.95,-14.92
02/24/2022 13:16:12.000000,13.32,23.88,6.07,6.67,5.45,14.06,5.93,70.66,-14.98
02/24/2022 13:33:57.000000,14.27,17.62,5.57,5.62,5.12,11.46,5.45,70.99,-14.89
02/24/2022 13:51:42.000000,17.15,28.63,6.73,6.52,6.13,14.3,6.55,71.26,-14.81
02/24/2022 14:09:26.000000,16.55,20.31,5.59,5.23,5.16,10.81,5.44,70.07,-14.58
02/24/2022 14:27:14.000000,17.07,26.57,6.32,4.73,5.89,11.25,6.18,68.68,-14.14
02/24/2022 14:44:58.000000,13.35,19.04,6.06,5.62,5.58,11.54,5.96,67.52,-13.61
02/24/2022 15:02:43.000000,13.48,21.88,6.48,6.0,6.05,11.92,6.34,66.57,-13.38
02/24/2022 15:20:27.000000,11.91,18.23,5.66,5.12,5.2,10.96,5.54,66.08,-13.19
02/24/2022 15:38:12.000000,11.08,21.46,6.3,5.77,5.79,12.27,6.19,62.46,-12.42
02/24/2022 15:55:56.000000,11.55,18.62,5.54,4.85,5.1,9.12,5.43,58.25,-11.35
02/24/2022 16:13:37.000000,9.18,19.58,6.1,5.5,5.71,10.96,6.0,56.92,-10.63
02/24/2022 16:31:20.000000,8.96,17.04,5.68,5.62,5.22,10.65,5.6,55.45,-10.05
02/24/2022 16:49:04.000000,7.55,14.81,5.76,5.19,5.38,9.73,5.66,51.29,-8.8
02/24/2022 17:06:47.000000,8.0,17.69,6.42,4.81,5.96,10.23,6.31,49.09,-7.87
02/24/2022 17:24:30.000000,6.64,23.42,8.49,7.38,7.84,16.69,8.34,43.74,-6.38
02/24/2022 17:42:13.000000,5.62,19.31,7.53,6.88,7.08,10.65,7.4,43.31,-5.51
02/24/2022 17:59:56.000000,7.24,27.08,10.01,10.0,9.36,17.69,9.88,41.97,-4.31
02/24/2022 18:17:38.000000,7.48,24.77,10.96,10.12,10.29,17.19,10.82,39.69,-4.03
02/24/2022 18:35:20.000000,8.49,28.73,12.11,10.31,11.47,17.77,11.93,39.56,-3.51
02/24/2022 18:53:03.000000,9.43,30.77,13.26,12.23,12.37,21.42,13.1,41.28,-3.83
02/24/2022 19:10:45.000000,9.46,22.5,9.46,8.0,8.87,13.96,9.31,41.04,-3.58
02/24/2022 19:28:27.000000,11.69,32.76,12.42,10.09,11.53,21.0,12.22,40.05,-2.76
02/24/2022 19:46:13.000000,11.68,33.5,13.46,11.69,12.64,20.31,13.25,41.67,-2.76
02/24/2022 20:03:55.000000,9.54,23.69,10.84,8.69,10.23,14.77,10.67,39.3,-2.31
02/24/2022 20:21:40.000000,9.09,28.17,12.15,11.18,11.43,19.35,11.95,38.38,-2.38
02/24/2022 20:39:25.000000,12.06,32.12,14.4,12.42,13.53,21.96,14.22,38.43,-1.84
02/24/2022 20:57:10.000000,11.71,33.46,16.51,14.12,15.51,22.19,16.33,36.84,-0.82
02/24/2022 21:14:52.000000,10.94,19.66,9.27,6.42,8.71,11.28,9.13,37.6,-0.63
02/24/2022 21:32:34.000000,13.45,18.58,10.43,8.85,9.81,13.92,10.32,39.59,-1.07
02/24/2022 21:50:16.000000,14.12,19.77,9.78,7.77,9.25,14.04,9.66,41.14,-1.66
02/24/2022 22:07:58.000000,18.89,23.07,9.82,7.88,9.14,15.41,9.66,43.94,-2.08
02/24/2022 22:25:40.000000,17.45,23.23,11.65,9.69,11.04,15.81,11.51,44.37,-2.23
02/24/2022 22:43:25.000000,17.91,20.46,10.57,8.58,10.02,13.23,10.45,45.87,-2.68
02/24/2022 23:01:07.000000,20.29,26.15,11.73,10.47,11.05,17.74,11.55,47.73,-3.08
02/24/2022 23:18:49.000000,16.34,21.65,9.08,7.81,8.46,13.81,8.94,45.07,-2.9
02/24/2022 23:36:31.000000,19.13,21.8,10.27,8.91,9.65,15.39,10.18,46.5,-3.38
02/24/2022 23:54:14.000000,19.75,18.0,8.72,7.69,8.23,12.31,8.59,46.77,-3.44
02/25/2022 00:11:59.000000,16.39,14.46,6.93,5.58,6.53,8.96,6.84,44.27,-3.62
02/25/2022 00:29:41.000000,15.02,17.12,6.67,4.54,6.32,8.19,6.57,46.49,-4.08
02/25/2022 00:47:24.000000,18.59,7.88,4.12,1.54,3.91,3.88,4.05,47.23,-4.69
02/25/2022 01:05:09.000000,23.39,20.85,8.16,6.92,7.72,11.15,8.04,50.91,-5.51
02/25/2022 01:22:55.000000,28.98,23.42,8.37,6.92,7.84,12.65,8.21,53.69,-6.18
02/25/2022 01:40:38.000000,28.66,16.12,8.11,6.92,7.72,11.81,8.03,55.4,-6.66
02/25/2022 01:58:21.000000,30.0,21.58,9.23,8.81,8.68,13.88,9.1,57.29,-6.97
02/25/2022 02:16:04.000000,30.79,35.42,15.35,15.42,14.48,27.92,15.19,57.49,-7.46
02/25/2022 02:33:47.000000,28.24,33.9,11.92,11.7,11.2,20.25,11.71,59.84,-7.98
02/25/2022 02:51:30.000000,30.56,30.92,13.26,13.27,12.55,22.19,13.14,61.71,-8.35
02/25/2022 03:09:14.000000,28.65,39.73,15.01,15.25,14.12,26.75,14.77,61.45,-8.67
02/25/2022 03:26:58.000000,29.28,41.55,15.75,17.45,14.8,26.67,15.54,62.02,-8.89
02/25/2022 03:44:44.000000,32.82,56.07,21.48,23.64,20.2,39.91,21.2,64.82,-9.1
02/25/2022 04:02:28.000000,29.73,51.08,20.43,24.19,19.28,37.88,20.22,65.58,-9.48
02/25/2022 04:20:12.000000,27.7,57.19,20.11,22.46,18.83,38.5,19.8,66.25,-9.86
02/25/2022 04:37:56.000000,29.57,50.14,19.43,21.79,18.32,35.22,19.2,68.25,-10.14
02/25/2022 04:55:40.000000,31.33,75.55,26.27,31.59,24.63,49.79,25.87,68.12,-10.31
02/25/2022 05:13:24.000000,27.38,61.94,23.24,27.29,21.92,43.08,22.97,69.52,-10.46
02/25/2022 05:31:07.000000,28.57,66.96,24.01,28.17,22.63,45.2,23.69,70.33,-10.46
02/25/2022 05:48:51.000000,28.42,75.08,25.22,30.47,23.74,47.51,24.83,69.48,-10.57
02/25/2022 06:06:35.000000,28.87,67.58,26.17,30.54,24.69,48.96,25.88,69.68,-10.73
02/25/2022 06:24:18.000000,29.35,84.55,29.17,33.67,27.43,55.71,28.74,69.97,-10.98
02/25/2022 06:42:02.000000,24.47,72.08,25.14,29.27,23.66,49.78,24.76,69.04,-11.19
02/25/2022 06:59:46.000000,27.53,66.6,26.85,33.06,25.46,49.25,26.54,69.99,-11.56
02/25/2022 07:17:30.000000,26.24,69.08,24.55,29.5,23.21,47.35,24.25,71.21,-11.71
02/25/2022 07:35:14.000000,27.53,85.38,29.96,37.03,28.41,58.22,29.56,72.88,-11.93
02/25/2022 07:52:58.000000,25.64,81.08,29.71,36.71,28.01,56.92,29.34,71.91,-12.11
02/25/2022 08:10:42.000000,28.6,97.69,35.75,44.45,33.66,67.1,35.26,73.94,-12.45
02/25/2022 08:28:26.000000,30.36,97.63,33.03,40.45,31.21,64.69,32.55,75.54,-12.57
02/25/2022 08:46:10.000000,28.43,98.94,31.93,40.67,30.02,63.82,31.43,75.8,-12.97
02/25/2022 09:03:55.000000,28.72,99.29,36.89,44.94,34.92,69.2,36.47,77.67,-13.02
02/25/2022 09:21:38.000000,27.94,100.17,36.5,44.37,34.51,71.34,36.0,75.76,-12.85
02/25/2022 09:39:22.000000,29.67,108.96,40.1,48.08,37.81,73.29,39.6,77.04,-13.01
02/25/2022 09:57:06.000000,26.99,90.0,32.32,39.06,30.5,59.96,31.9,74.6,-13.01
02/25/2022 10:14:51.000000,28.48,101.24,38.15,45.73,36.03,72.55,37.71,76.65,-13.05
02/25/2022 10:32:35.000000,28.68,92.07,33.17,41.4,31.41,63.13,32.74,75.05,-13.2
02/25/2022 10:50:19.000000,27.47,100.06,32.94,40.55,30.97,63.76,32.49,76.6,-13.51
02/25/2022 11:08:04.000000,25.59,87.18,30.64,37.51,28.91,58.96,30.28,74.77,-13.84
02/25/2022 11:25:48.000000,25.94,88.76,31.05,37.82,29.26,61.06,30.63,76.99,-13.99
02/25/2022 11:43:33.000000,24.64,99.82,33.95,42.18,31.76,68.39,33.43,76.95,-13.54
02/25/2022 12:01:17.000000,22.82,94.48,32.0,39.73,30.18,65.15,31.54,76.35,-13.32
02/25/2022 12:19:01.000000,23.7,87.84,32.25,39.61,30.54,62.1,31.91,76.2,-13.22
02/25/2022 12:36:46.000000,27.18,87.55,31.18,39.02,29.41,59.67,30.8,75.69,-13.38
02/25/2022 12:54:30.000000,25.88,86.24,31.17,38.1,29.32,59.36,30.79,76.66,-13.56
02/25/2022 13:12:15.000000,28.09,117.94,42.43,52.22,39.85,81.29,41.86,78.56,-13.53
02/25/2022 13:29:59.000000,23.97,68.14,22.97,28.35,21.63,43.82,22.59,74.85,-13.6
02/25/2022 13:47:44.000000,25.05,103.82,35.14,44.15,33.09,69.79,34.71,76.4,-13.6
02/25/2022 14:05:25.000000,20.72,81.69,32.9,40.82,31.13,62.02,32.61,75.53,-13.51
02/25/2022 14:23:12.000000,22.01,92.88,32.58,40.63,30.69,63.86,32.15,73.89,-12.77
02/25/2022 14:40:56.000000,20.78,92.2,34.14,39.66,32.16,62.91,33.68,70.67,-11.5
02/25/2022 14:58:40.000000,21.11,97.8,35.93,43.2,33.8,68.4,35.44,67.18,-10.24
02/25/2022 15:16:23.000000,24.37,93.09,34.21,38.3,32.12,62.73,33.72,64.34,-9.32
02/25/2022 15:34:07.000000,23.64,96.84,37.4,43.02,35.2,68.43,36.97,60.48,-8.29
02/25/2022 15:51:50.000000,16.75,71.67,29.06,31.71,27.6,48.75,28.73,57.2,-7.32
02/25/2022 16:09:33.000000,12.37,51.22,24.72,28.15,23.54,40.32,24.55,53.08,-6.45
02/25/2022 16:27:16.000000,11.71,62.55,27.14,30.14,25.69,45.72,26.86,50.66,-5.63
02/25/2022 16:45:01.000000,10.97,77.49,31.68,34.22,29.86,53.25,31.26,47.2,-4.36
02/25/2022 17:02:44.000000,10.0,71.98,33.82,34.76,32.06,55.29,33.38,45.17,-3.0
02/25/2022 17:20:26.000000,7.01,53.42,24.61,24.88,23.15,38.35,24.35,40.88,-1.44
02/25/2022 17:38:08.000000,8.82,34.36,16.39,14.78,15.66,22.69,16.2,41.85,-1.59
02/25/2022 17:55:50.000000,10.3,52.73,28.7,28.85,27.28,41.12,28.45,41.06,-1.28
02/25/2022 18:13:32.000000,11.44,35.73,20.53,19.04,19.53,27.73,20.35,40.15,-0.94
02/25/2022 18:31:14.000000,14.43,64.31,34.82,32.49,33.03,48.51,34.51,41.03,-0.18
02/25/2022 18:48:56.000000,18.03,57.6,30.25,26.82,28.7,42.01,29.93,44.13,-0.9
02/25/2022 19:06:38.000000,16.57,64.23,34.87,32.08,33.13,48.99,34.53,43.75,-0.43
02/25/2022 19:24:20.000000,15.95,81.83,47.72,41.3,45.48,61.9,47.33,43.42,-0.26
02/25/2022 19:42:05.000000,14.55,75.03,44.04,38.58,41.94,56.78,43.71,43.05,-0.29
02/25/2022 19:59:47.000000,14.08,70.17,43.49,37.11,41.46,55.05,43.17,40.37,0.71
02/25/2022 20:17:29.000000,13.58,61.19,39.64,34.92,37.9,50.23,39.39,41.69,0.85
02/25/2022 20:35:13.000000,15.82,54.96,32.51,28.29,30.87,41.92,32.21,43.4,0.5
02/25/2022 20:52:55.000000,15.36,30.12,16.44,14.15,15.53,20.2,16.25,42.64,0.2
02/25/2022 21:10:37.000000,12.85,42.08,21.12,18.25,20.01,29.25,20.78,42.85,-0.07
02/25/2022 21:28:18.000000,15.15,44.9,20.26,17.73,19.13,26.59,19.92,43.77,-0.42
02/25/2022 21:46:03.000000,17.82,39.44,21.81,21.11,20.59,31.88,21.66,44.93,-1.05
02/25/2022 22:03:45.000000,17.49,50.82,27.05,25.16,25.58,37.92,26.77,47.07,-1.45
02/25/2022 22:21:30.000000,18.41,44.23,22.18,19.98,21.0,31.46,21.93,46.24,-1.51
02/25/2022 22:39:12.000000,19.2,49.35,25.5,24.33,24.06,36.88,25.25,47.26,-1.62
02/25/2022 22:56:54.000000,16.87,50.6,26.99,25.78,25.67,38.19,26.74,46.31,-1.73
02/25/2022 23:14:36.000000,19.17,53.05,25.21,23.64,23.69,38.19,24.96,47.23,-1.97
02/25/2022 23:32:21.000000,18.55,54.53,26.6,25.2,25.07,40.65,26.28,47.23,-2.1
02/25/2022 23:50:07.000000,16.97,46.65,24.23,22.92,22.95,37.19,23.97,48.33,-2.37
02/26/2022 00:07:49.000000,16.12,45.83,24.05,24.25,22.73,36.28,23.81,48.35,-2.7
02/26/2022 00:25:31.000000,17.19,51.27,24.3,24.0,23.01,37.7,24.0,50.05,-2.99
02/26/2022 00:43:13.000000,17.6,51.73,25.04,25.22,23.68,38.16,24.75,50.99,-3.29
02/26/2022 01:00:59.000000,19.23,61.98,27.73,27.16,26.29,41.14,27.39,51.56,-3.65
02/26/2022 01:18:41.000000,18.86,56.33,26.93,27.55,25.48,43.14,26.61,53.46,-3.9
02/26/2022 01:36:24.000000,19.16,68.0,31.63,32.81,29.86,51.78,31.31,53.47,-4.11
02/26/2022 01:54:06.000000,15.61,38.47,16.32,15.65,15.38,25.59,16.06,53.27,-4.22
02/26/2022 02:11:52.000000,23.95,60.47,28.98,31.0,27.4,47.03,28.71,55.46,-4.45
02/26/2022 02:29:34.000000,20.73,61.65,28.36,29.33,26.76,47.41,28.07,55.46,-4.65
02/26/2022 02:47:17.000000,25.55,61.7,28.28,28.22,26.74,45.67,27.95,55.62,-4.97
02/26/2022 03:05:02.000000,36.95,36.43,16.44,15.98,15.49,25.02,16.26,58.91,-4.97
02/26/2022 03:22:45.000000,31.05,66.25,28.89,30.41,27.33,45.33,28.52,58.97,-5.11
02/26/2022 03:40:27.000000,33.04,71.92,31.6,35.0,29.76,54.29,31.21,59.63,-5.36
02/26/2022 03:58:10.000000,29.95,73.87,33.4,35.39,31.52,53.91,33.03,60.93,-5.79
02/26/2022 04:15:53.000000,31.52,79.88,32.91,34.8,30.89,55.9,32.41,62.62,-6.34
02/26/2022 04:33:36.000000,33.92,85.14,34.6,38.04,32.54,59.73,34.21,65.79,-6.91
02/26/2022 04:51:19.000000,34.45,79.19,34.15,37.42,32.28,57.42,33.81,65.39,-7.07
02/26/2022 05:09:02.000000,32.64,99.63,35.04,38.82,32.69,64.14,34.44,66.73,-7.34
02/26/2022 05:26:45.000000,36.9,103.59,40.33,43.78,37.82,72.18,39.72,69.53,-7.7
02/26/2022 05:44:28.000000,37.37,108.63,43.94,47.0,41.22,74.14,43.4,70.69,-7.89
02/26/2022 06:02:11.000000,38.43,118.05,45.63,48.17,42.74,79.95,44.97,72.1,-8.13
02/26/2022 06:19:54.000000,37.74,122.9,53.85,55.53,50.6,87.14,53.17,72.56,-8.24
02/26/2022 06:37:38.000000,38.95,130.44,54.92,55.2,51.35,88.52,54.1,73.58,-8.41
02/26/2022 06:55:21.000000,35.72,130.93,56.49,56.8,52.56,90.78,55.69,72.61,-8.64
02/26/2022 07:13:04.000000,33.53,135.46,55.36,55.62,51.46,92.18,54.55,72.24,-8.83
02/26/2022 07:30:47.000000,34.46,133.46,52.97,54.15,49.35,87.54,52.08,70.49,-8.63
02/26/2022 07:48:30.000000,32.38,119.59,47.18,49.65,43.95,82.65,46.47,69.37,-8.62
02/26/2022 08:06:13.000000,33.86,134.25,55.32,56.37,51.31,92.32,54.46,71.19,-8.77
02/26/2022 08:23:57.000000,34.54,134.8,53.71,55.8,49.97,92.2,52.85,71.07,-8.91
02/26/2022 08:41:40.000000,29.52,80.29,27.61,33.08,25.75,53.96,27.23,68.2,-9.01
02/26/2022 08:59:23.000000,28.1,58.43,21.32,25.08,19.88,40.71,20.98,65.76,-9.14
02/26/2022 09:17:07.000000,28.55,65.41,22.73,25.67,21.34,42.84,22.38,65.81,-9.27
02/26/2022 09:34:50.000000,27.87,50.92,17.33,19.77,16.13,33.36,17.0,65.44,-9.42
02/26/2022 09:52:33.000000,28.25,83.15,26.06,30.03,24.12,55.06,25.55,66.49,-9.53
02/26/2022 10:10:20.000000,27.42,84.71,29.14,33.89,26.94,55.9,28.63,68.03,-9.66
02/26/2022 10:28:04.000000,32.68,109.41,38.31,43.61,35.62,71.85,37.69,69.89,-9.77
02/26/2022 10:45:47.000000,28.51,111.98,40.44,46.61,37.57,77.39,39.79,70.39,-9.89
02/26/2022 11:03:31.000000,27.13,71.96,23.4,26.27,21.72,46.59,23.0,67.75,-10.13
02/26/2022 11:21:15.000000,26.72,80.58,28.27,34.7,26.45,60.39,27.82,68.75,-10.19
02/26/2022 11:38:59.000000,26.33,62.94,21.24,24.86,19.91,39.84,20.93,68.75,-10.36
02/26/2022 11:56:42.000000,24.5,49.5,16.93,19.86,15.64,35.09,16.66,65.78,-10.33
02/26/2022 12:14:26.000000,27.27,59.12,19.73,23.0,18.44,37.08,19.43,67.4,-10.71
02/26/2022 12:32:10.000000,26.88,47.08,15.59,17.67,14.61,30.65,15.33,67.4,-10.98
02/26/2022 12:49:54.000000,26.94,62.17,19.75,22.19,18.35,40.81,19.38,69.66,-11.19
02/26/2022 13:07:38.000000,31.49,41.38,17.4,20.65,16.39,34.69,17.25,69.87,-11.68
02/26/2022 13:25:22.000000,31.73,70.14,21.97,26.06,20.47,44.29,21.6,72.37,-11.91
02/26/2022 13:43:06.000000,28.78,66.27,21.4,26.25,19.87,45.63,21.03,71.99,-11.87
02/26/2022 14:00:50.000000,28.21,63.82,20.04,23.06,18.71,40.43,19.73,70.38,-11.49
02/26/2022 14:18:34.000000,26.17,48.3,15.47,18.5,14.37,32.7,15.21,65.62,-10.45
02/26/2022 14:36:18.000000,22.74,18.54,6.6,6.23,6.09,12.12,6.47,59.68,-9.31
02/26/2022 14:54:01.000000,23.82,51.57,17.78,19.27,16.56,33.76,17.49,58.3,-8.07
02/26/2022 15:11:44.000000,20.28,35.35,13.1,13.39,12.22,21.73,12.91,55.04,-6.74
02/26/2022 15:29:28.000000,15.73,32.19,13.41,12.92,12.6,21.73,13.25,51.3,-5.6
02/26/2022 15:47:10.000000,14.09,32.5,13.5,13.06,12.76,20.64,13.3,45.5,-4.51
02/26/2022 16:04:53.000000,11.35,18.96,9.46,8.5,8.95,13.69,9.37,44.0,-3.38
02/26/2022 16:22:35.000000,11.91,25.23,12.74,11.27,11.98,17.73,12.61,39.89,-2.31
02/26/2022 16:40:17.000000,10.52,23.85,12.9,11.0,12.16,18.15,12.75,37.21,-0.89
02/26/2022 16:58:02.000000,7.86,23.96,11.71,10.0,10.95,16.04,11.55,34.62,0.58
02/26/2022 17:15:43.000000,5.5,16.77,9.02,7.0,8.46,10.88,8.91,30.22,2.03
02/26/2022 17:33:24.000000,3.31,14.77,8.54,5.12,8.07,9.31,8.45,27.92,3.38
02/26/2022 17:51:04.000000,7.62,19.27,11.37,8.81,10.7,14.96,11.24,29.82,3.45
02/26/2022 18:08:48.000000,8.02,18.6,11.12,8.19,10.47,13.17,11.0,26.69,4.41
02/26/2022 18:26:29.000000,9.46,20.81,12.5,9.92,11.86,13.65,12.37,29.98,4.21
02/26/2022 18:44:10.000000,6.04,15.77,10.02,7.08,9.38,11.46,9.92,29.23,3.61
02/26/2022 19:01:51.000000,12.14,24.88,14.48,11.58,13.6,18.69,14.32,32.99,3.03
02/26/2022 19:19:32.000000,11.81,21.69,13.39,9.92,12.6,16.0,13.26,33.0,3.15
02/26/2022 19:37:13.000000,-0.03,11.81,9.01,5.88,8.53,9.31,8.95,26.32,3.38
02/26/2022 19:54:54.000000,-0.21,8.08,5.02,2.58,4.78,4.0,4.96,25.43,3.65
02/26/2022 20:12:35.000000,0.48,6.54,4.68,1.23,4.43,3.62,4.61,23.26,4.14
02/26/2022 20:30:16.000000,6.49,7.35,6.25,3.46,5.96,5.42,6.2,25.43,4.56
02/26/2022 20:47:57.000000,4.1,10.23,6.68,4.23,6.25,7.54,6.58,25.74,5.23
02/26/2022 21:05:37.000000,7.69,14.96,11.51,8.08,10.9,12.62,11.42,28.05,5.79
02/26/2022 21:23:18.000000,6.61,10.96,7.89,4.62,7.46,7.38,7.81,27.44,5.64
02/26/2022 21:41:01.000000,0.0,7.58,6.24,3.85,5.89,5.04,6.19,25.75,5.87
02/26/2022 21:58:42.000000,7.11,11.04,9.03,5.77,8.6,8.54,8.97,27.14,5.94
02/26/2022 22:16:25.000000,5.89,8.08,5.9,3.15,5.55,5.88,5.84,25.37,5.62
02/26/2022 22:34:09.000000,11.08,8.23,5.88,2.88,5.58,4.65,5.81,27.24,5.54
02/26/2022 22:51:49.000000,6.38,6.35,4.95,3.12,4.77,3.96,4.9,25.41,5.49
02/26/2022 23:09:33.000000,9.67,7.62,4.76,2.12,4.49,4.5,4.69,26.29,5.24
02/26/2022 23:27:13.000000,7.88,11.23,7.62,4.65,7.17,7.77,7.53,27.19,4.92
02/26/2022 23:44:54.000000,13.91,19.0,13.11,9.19,12.43,14.58,13.02,29.93,4.51
02/27/2022 00:02:38.000000,21.24,40.23,26.07,20.73,24.61,33.85,25.85,34.41,3.98
02/27/2022 00:20:22.000000,15.74,45.27,26.62,22.09,25.07,33.86,26.39,34.19,3.31
02/27/2022 00:38:06.000000,19.32,42.38,24.99,20.85,23.5,33.12,24.77,36.38,2.37
02/27/2022 00:55:50.000000,25.25,51.59,28.66,26.09,26.92,39.12,28.37,39.09,1.43
02/27/2022 01:13:35.000000,26.6,56.05,29.16,25.86,27.36,42.61,28.8,41.38,0.59
02/27/2022 01:31:16.000000,29.63,60.02,28.71,26.04,26.78,43.47,28.31,42.75,-0.19
02/27/2022 01:49:01.000000,28.9,59.23,30.5,28.81,28.63,46.31,30.21,45.28,-0.76
02/27/2022 02:06:46.000000,28.22,60.75,28.26,27.64,26.43,45.0,27.94,46.55,-1.38
02/27/2022 02:24:31.000000,28.52,53.6,25.88,25.19,24.33,39.78,25.58,48.61,-2.0
02/27/2022 02:42:13.000000,31.27,56.98,27.0,25.76,25.19,41.57,26.67,49.82,-2.69
02/27/2022 02:59:55.000000,36.17,61.09,27.86,28.33,26.06,48.26,27.53,52.64,-3.22
02/27/2022 03:17:41.000000,38.1,80.53,33.15,32.65,31.05,52.63,32.68,55.78,-3.59
02/27/2022 03:35:23.000000,40.23,76.94,33.72,34.58,31.57,57.11,33.24,58.36,-4.04
02/27/2022 03:53:06.000000,39.98,81.63,34.93,35.45,32.83,58.36,34.42,59.32,-4.44
02/27/2022 04:10:48.000000,39.08,93.6,38.95,38.8,36.27,62.4,38.35,61.23,-4.66
02/27/2022 04:28:34.000000,40.87,98.88,39.16,39.55,36.56,64.56,38.53,62.2,-4.86
02/27/2022 04:46:20.000000,39.41,87.79,35.05,36.58,32.78,61.11,34.54,60.61,-4.74
02/27/2022 05:04:06.000000,35.32,78.84,31.08,31.81,29.1,54.17,30.64,59.21,-4.66
02/27/2022 05:21:51.000000,36.41,45.04,20.46,20.19,19.27,34.31,20.21,56.28,-4.65
02/27/2022 05:39:34.000000,31.87,44.77,19.1,19.69,17.89,30.96,18.88,53.72,-4.39
02/27/2022 05:57:19.000000,34.65,49.75,19.9,19.65,18.61,31.73,19.56,54.84,-4.52
02/27/2022 06:15:02.000000,26.6,25.69,11.64,10.58,11.01,16.62,11.51,53.78,-4.59
02/27/2022 06:32:44.000000,26.19,21.92,11.08,10.65,10.5,15.0,10.98,53.95,-4.69
02/27/2022 06:50:27.000000,24.03,19.92,8.78,6.85,8.26,13.19,8.66,53.12,-4.79
02/27/2022 07:08:10.000000,24.29,22.65,9.38,8.19,8.8,14.15,9.23,51.42,-4.84
02/27/2022 07:25:52.000000,22.08,19.62,9.25,7.92,8.73,13.15,9.14,50.04,-4.84
02/27/2022 07:43:32.000000,24.4,18.65,9.46,8.27,8.98,11.85,9.37,51.79,-5.17
02/27/2022 08:01:14.000000,27.39,16.92,8.5,7.62,8.08,11.35,8.4,54.15,-5.65
02/27/2022 08:19:00.000000,23.92,9.35,4.02,2.04,3.81,5.08,3.96,52.02,-5.58
02/27/2022 08:36:43.000000,26.79,6.58,3.82,1.38,3.67,3.38,3.76,50.76,-5.22
02/27/2022 08:54:26.000000,27.91,6.96,2.93,0.88,2.77,1.92,2.89,50.41,-5.19
02/27/2022 09:12:08.000000,26.18,4.92,3.16,1.38,3.02,2.62,3.12,49.48,-5.14
02/27/2022 09:29:57.000000,23.25,6.38,2.83,1.0,2.69,2.88,2.78,48.47,-5.18
02/27/2022 09:47:43.000000,20.59,5.88,2.9,1.0,2.73,2.92,2.84,47.41,-5.19
02/27/2022 10:05:25.000000,23.23,4.81,2.55,0.5,2.4,2.23,2.51,48.45,-5.18
02/27/2022 10:23:08.000000,28.98,8.46,4.0,2.04,3.75,5.0,3.93,51.04,-5.75
02/27/2022 10:40:51.000000,30.5,12.96,5.91,4.81,5.58,8.15,5.82,53.69,-6.36
02/27/2022 10:58:34.000000,32.79,21.38,9.11,8.27,8.55,14.19,9.0,56.89,-6.98
02/27/2022 11:16:17.000000,32.26,27.5,11.02,10.65,10.39,17.15,10.86,59.16,-7.46
02/27/2022 11:34:00.000000,30.92,24.73,9.25,9.19,8.72,13.54,9.13,60.0,-7.75
02/27/2022 11:51:43.000000,33.67,23.24,10.34,9.97,9.84,15.78,10.2,61.56,-8.19
02/27/2022 12:09:27.000000,35.48,25.19,11.08,10.54,10.42,17.88,10.99,62.96,-8.54
02/27/2022 12:27:10.000000,32.38,15.69,6.28,5.27,5.91,8.77,6.19,58.6,-8.46
02/27/2022 12:44:57.000000,33.28,10.38,4.23,2.31,3.98,4.77,4.17,56.12,-7.97
02/27/2022 13:02:40.000000,33.22,12.35,4.93,3.88,4.64,6.35,4.86,54.53,-7.52
02/27/2022 13:20:23.000000,31.23,8.85,3.59,2.04,3.37,3.27,3.51,53.11,-7.19
02/27/2022 13:38:06.000000,29.89,10.08,3.31,1.58,3.11,3.85,3.22,51.71,-6.89
02/27/2022 13:55:52.000000,27.41,6.92,3.05,1.19,2.82,2.42,3.0,50.03,-6.5
02/27/2022 14:13:38.000000,23.7,6.08,1.97,0.38,1.82,1.77,1.92,46.06,-5.59
02/27/2022 14:31:20.000000,20.32,5.0,1.63,0.04,1.48,1.08,1.56,42.73,-4.26
02/27/2022 14:49:03.000000,15.37,3.31,2.08,0.0,1.99,0.42,2.03,39.03,-2.9
02/27/2022 15:06:44.000000,11.75,2.73,1.48,0.0,1.39,0.81,1.44,36.69,-1.55
02/27/2022 15:24:26.000000,8.26,2.5,1.19,0.0,1.1,0.0,1.16,33.4,-0.28
02/27/2022 15:42:08.000000,7.35,2.31,1.2,0.0,1.12,0.38,1.16,32.26,0.93
02/27/2022 15:59:49.000000,4.98,2.69,1.04,0.0,0.95,0.58,0.99,30.09,2.16
02/27/2022 16:17:30.000000,5.97,1.77,1.77,0.04,1.67,0.42,1.73,28.47,3.24
02/27/2022 16:35:10.000000,5.23,2.38,1.54,0.0,1.44,0.42,1.51,27.27,4.46
02/27/2022 16:52:50.000000,3.47,2.35,1.24,0.0,1.13,0.23,1.21,25.4,5.43
02/27/2022 17:10:31.000000,1.59,3.88,1.7,0.0,1.59,0.42,1.64,24.31,6.41
02/27/2022 17:28:14.000000,3.66,3.69,2.24,0.42,2.08,1.0,2.19,24.78,7.8
02/27/2022 17:45:54.000000,-4.65,3.27,1.76,0.0,1.66,0.19,1.7,21.81,8.85
02/27/2022 18:03:36.000000,-1.36,1.19,1.42,0.0,1.35,0.04,1.38,21.85,9.78
02/27/2022 18:21:19.000000,-4.01,2.54,2.06,0.0,1.93,1.0,2.02,20.92,10.52
02/27/2022 18:39:01.000000,-4.62,0.96,0.82,0.0,0.78,0.0,0.8,18.6,11.29
02/27/2022 18:56:40.000000,-4.81,1.77,1.51,0.19,1.36,0.42,1.48,17.73,12.27
02/27/2022 19:14:22.000000,-3.4,5.54,3.75,1.0,3.44,2.81,3.67,16.84,13.73
02/27/2022 19:32:01.000000,-5.89,3.69,2.13,0.19,1.97,1.0,2.04,15.18,14.96
02/27/2022 19:49:42.000000,-9.83,1.54,1.1,0.0,0.99,0.19,1.06,13.3,15.57
02/27/2022 20:07:21.000000,-7.12,1.35,1.43,0.0,1.34,0.38,1.4,12.88,16.3
02/27/2022 20:25:02.000000,-8.37,1.73,1.73,0.0,1.61,0.19,1.7,12.85,16.3
02/27/2022 20:42:41.000000,-19.82,0.77,0.99,0.0,0.9,0.0,0.96,12.41,15.99
02/27/2022 21:00:19.000000,-4.85,1.73,1.59,0.0,1.49,0.19,1.56,11.92,16.11
02/27/2022 21:18:00.000000,-2.88,2.15,2.29,0.38,2.12,1.19,2.25,14.11,16.3
02/27/2022 21:35:41.000000,-3.46,3.35,3.6,1.0,3.47,1.62,3.55,15.03,16.37
02/27/2022 21:53:20.000000,7.41,9.31,11.37,5.0,11.06,7.0,11.29,19.75,16.03
02/27/2022 22:10:58.000000,11.03,11.62,13.28,6.62,12.84,9.23,13.21,24.17,15.57
02/27/2022 22:28:37.000000,19.23,14.92,18.19,10.42,17.6,13.0,18.13,24.6,15.37
02/27/2022 22:46:18.000000,12.29,13.5,15.88,8.77,15.41,11.35,15.79,23.5,15.5
02/27/2022 23:03:59.000000,12.71,12.77,14.97,8.58,14.53,10.81,14.91,22.68,15.43
02/27/2022 23:21:38.000000,13.01,10.46,13.7,7.15,13.38,8.54,13.65,21.59,15.41
02/27/2022 23:39:17.000000,13.21,13.54,15.44,9.38,14.99,10.77,15.38,22.13,15.19
02/27/2022 23:56:58.000000,21.11,16.23,19.38,11.62,18.8,13.92,19.32,24.15,14.38
02/28/2022 00:14:40.000000,26.13,15.92,19.0,11.69,18.45,13.88,18.93,28.81,13.34
02/28/2022 00:32:22.000000,36.14,19.12,21.44,13.85,20.78,16.81,21.39,30.32,12.29
02/28/2022 00:50:04.000000,32.29,25.27,25.14,17.19,24.32,21.46,25.03,32.16,11.28
02/28/2022 01:07:47.000000,35.5,24.88,25.15,17.58,24.37,22.15,25.04,34.38,10.15
02/28/2022 01:25:29.000000,36.33,34.36,29.72,21.22,28.51,28.36,29.53,36.61,9.14
02/28/2022 01:43:12.000000,38.91,38.62,34.01,25.15,32.81,33.23,33.86,39.09,8.1
02/28/2022 02:00:56.000000,37.44,38.24,31.33,23.81,29.98,31.39,31.16,40.61,7.23
02/28/2022 02:18:36.000000,38.48,36.58,31.29,24.03,30.04,32.67,31.1,41.33,6.6
02/28/2022 02:36:19.000000,39.34,48.82,34.96,26.82,33.29,38.84,34.69,43.48,5.87
02/28/2022 02:54:03.000000,38.08,42.11,29.48,23.22,27.96,34.19,29.25,43.08,5.47
02/28/2022 03:11:43.000000,36.7,35.73,24.49,19.85,23.33,27.27,24.34,43.13,5.15
02/28/2022 03:29:27.000000,36.71,35.17,22.74,17.86,21.57,26.48,22.49,45.11,4.58
02/28/2022 03:47:10.000000,35.29,41.75,25.89,21.09,24.36,31.06,25.65,46.47,4.13
02/28/2022 04:04:52.000000,35.89,35.83,24.11,19.12,22.77,27.7,23.9,47.25,3.55
02/28/2022 04:22:32.000000,36.36,35.35,22.04,17.53,20.83,27.76,21.83,49.16,3.03
02/28/2022 04:40:13.000000,35.93,36.85,20.78,17.08,19.46,27.69,20.55,50.58,2.61
02/28/2022 04:57:58.000000,35.67,36.19,22.8,19.23,21.52,29.92,22.61,51.42,2.29
02/28/2022 05:15:39.000000,38.27,48.28,28.62,25.06,27.13,36.48,28.36,53.13,2.21
02/28/2022 05:33:23.000000,35.77,43.85,24.96,21.0,23.52,33.81,24.74,52.5,2.05
02/28/2022 05:51:04.000000,35.46,51.31,28.24,25.12,26.55,39.96,27.94,51.06,2.23
02/28/2022 06:08:45.000000,35.86,41.29,24.21,20.03,22.97,30.72,23.95,49.29,2.34
02/28/2022 06:26:27.000000,34.2,43.17,24.29,19.97,22.83,32.22,24.03,49.83,2.36
02/28/2022 06:44:11.000000,35.75,45.15,24.65,21.31,23.16,33.46,24.38,50.45,2.16
02/28/2022 07:01:52.000000,35.72,41.95,22.15,19.22,20.89,31.28,21.89,51.42,1.82
02/28/2022 07:19:34.000000,36.76,44.37,23.74,20.03,22.27,32.25,23.45,52.91,1.59
02/28/2022 07:37:15.000000,31.62,22.04,12.98,9.85,12.24,16.35,12.82,50.77,1.28
02/28/2022 07:54:56.000000,29.81,15.42,8.19,5.96,7.74,9.15,8.06,49.14,1.3
02/28/2022 08:12:38.000000,30.66,16.88,10.44,7.58,9.8,12.81,10.33,49.91,1.27
02/28/2022 08:30:19.000000,26.12,15.12,9.03,7.19,8.5,10.23,8.94,49.48,1.16
02/28/2022 08:48:00.000000,25.41,11.58,7.0,4.42,6.61,7.5,6.92,50.12,1.09
02/28/2022 09:05:41.000000,24.91,10.69,6.55,4.38,6.23,6.73,6.49,49.23,1.02
02/28/2022 09:23:22.000000,22.16,7.81,4.19,2.12,3.99,3.15,4.14,49.3,0.89
02/28/2022 09:41:04.000000,26.31,10.81,6.02,4.04,5.62,6.38,5.93,49.05,0.82
02/28/2022 09:58:48.000000,23.47,11.73,7.21,4.88,6.85,7.88,7.13,49.83,0.64
02/28/2022 10:16:30.000000,22.16,7.69,5.28,3.62,4.94,5.58,5.23,49.44,0.38
02/28/2022 10:34:11.000000,26.52,8.65,4.58,2.54,4.27,4.38,4.49,49.8,0.37
02/28/2022 10:51:53.000000,23.17,9.62,5.36,3.77,5.02,6.31,5.28,49.53,0.36
02/28/2022 11:09:34.000000,21.5,9.23,5.57,2.85,5.23,5.27,5.53,49.59,0.34
02/28/2022 11:27:15.000000,20.59,5.96,4.19,2.38,3.97,3.85,4.14,48.52,0.31
02/28/2022 11:45:00.000000,19.91,8.04,5.04,2.81,4.8,4.38,4.99,47.89,0.36
02/28/2022 12:02:41.000000,18.21,7.88,4.12,1.88,3.83,4.62,4.05,46.41,0.65
02/28/2022 12:20:23.000000,19.84,7.08,3.6,1.0,3.4,3.15,3.54,45.52,0.9
02/28/2022 12:38:04.000000,26.62,7.27,4.26,2.19,4.02,3.54,4.19,46.25,0.9
02/28/2022 12:55:48.000000,31.22,8.42,5.37,3.15,5.1,5.15,5.29,47.35,0.8
02/28/2022 13:13:30.000000,32.34,9.0,4.47,1.77,4.22,3.62,4.38,47.79,0.65
02/28/2022 13:31:14.000000,27.14,9.04,5.1,2.58,4.82,4.38,5.03,46.33,0.55
02/28/2022 13:48:59.000000,22.22,5.35,3.33,0.85,3.15,2.46,3.27,44.58,0.69
02/28/2022 14:06:40.000000,25.95,7.08,3.99,1.38,3.76,3.73,3.92,43.01,1.12
02/28/2022 14:24:21.000000,29.24,8.46,5.13,2.77,4.86,4.88,5.06,42.66,1.48
02/28/2022 14:42:06.000000,28.16,9.23,5.48,2.96,5.15,5.35,5.4,41.67,1.68
02/28/2022 14:59:47.000000,26.63,8.38,5.08,2.46,4.75,5.08,5.0,39.91,2.29
02/28/2022 15:17:31.000000,19.99,8.15,5.29,2.85,4.95,5.15,5.21,37.39,2.98
02/28/2022 15:35:11.000000,16.75,5.15,3.59,1.04,3.4,2.65,3.55,35.45,4.1
02/28/2022 15:52:52.000000,18.03,8.77,6.72,3.23,6.36,6.35,6.66,32.86,5.39
02/28/2022 16:10:32.000000,14.34,12.5,9.3,5.42,8.89,8.62,9.21,30.43,6.75
02/28/2022 16:28:15.000000,15.21,9.23,5.67,2.92,5.35,4.54,5.58,29.28,7.97
02/28/2022 16:45:55.000000,11.63,6.46,4.5,1.42,4.26,3.04,4.42,26.74,9.15
02/28/2022 17:03:38.000000,6.32,6.81,4.51,1.65,4.28,2.85,4.44,25.17,10.26
02/28/2022 17:21:17.000000,4.03,6.23,5.15,1.77,4.86,3.92,5.09,23.77,11.41
02/28/2022 17:38:56.000000,-0.2,4.73,3.4,1.0,3.16,2.19,3.34,21.09,12.6
02/28/2022 17:56:35.000000,-0.16,3.35,2.87,1.04,2.69,1.62,2.82,19.3,13.7
02/28/2022 18:14:14.000000,-2.46,3.96,3.37,1.0,3.19,1.85,3.31,18.9,14.65
02/28/2022 18:31:55.000000,-3.17,2.81,3.23,0.58,3.08,1.38,3.17,17.27,15.67
02/28/2022 18:49:34.000000,-8.98,2.38,2.24,0.23,2.12,0.81,2.18,15.34,16.2
02/28/2022 19:07:15.000000,-9.88,2.19,1.62,0.0,1.51,0.85,1.58,15.46,16.64
02/28/2022 19:24:54.000000,-7.54,2.15,2.87,0.19,2.78,0.42,2.82,14.09,17.16
02/28/2022 19:42:32.000000,-7.67,1.77,1.4,0.0,1.31,0.23,1.37,14.74,17.5
02/28/2022 20:00:13.000000,-7.44,1.15,1.11,0.0,1.04,0.19,1.09,13.13,18.01
02/28/2022 20:17:51.000000,-5.05,1.15,1.31,0.0,1.23,0.19,1.26,13.33,18.4
02/28/2022 20:35:29.000000,-10.28,1.35,1.06,0.0,0.99,0.38,1.0,12.05,19.12
02/28/2022 20:53:07.000000,-9.33,1.54,1.55,0.0,1.46,0.19,1.5,12.95,19.76
02/28/2022 21:10:44.000000,-12.63,1.15,1.2,0.0,1.12,0.0,1.15,12.06,20.62
02/28/2022 21:28:22.000000,-8.5,1.15,1.29,0.0,1.23,0.0,1.26,12.64,20.51
02/28/2022 21:46:03.000000,-8.58,1.15,1.4,0.0,1.31,0.0,1.37,12.55,20.35
02/28/2022 22:03:41.000000,-2.82,0.96,0.85,0.0,0.78,0.0,0.81,11.36,20.01
02/28/2022 22:21:22.000000,1.56,1.73,1.45,0.0,1.35,0.38,1.4,13.18,19.63
02/28/2022 22:39:00.000000,4.2,1.35,1.34,0.0,1.25,0.19,1.3,15.0,18.94
02/28/2022 22:56:41.000000,10.8,4.38,5.3,2.0,5.16,2.38,5.25,17.85,18.53
02/28/2022 23:14:19.000000,9.13,4.58,6.32,3.0,6.17,3.23,6.28,18.88,18.5
02/28/2022 23:32:01.000000,7.12,2.69,2.76,0.19,2.65,1.35,2.71,17.72,18.31
02/28/2022 23:49:39.000000,5.0,1.54,1.63,0.0,1.52,0.38,1.59,15.06,18.42
                