InstrumentName, Northfield HS (A88W8NWB_3.4)
StartTime, 2021-11-01 00:00:00
EndTime, 2021-11-30 00:00:00
Date,no2Conc,pm10ConcMass,pm10ConcNum,pm1ConcMass,pm1ConcNum,pm2_5ConcMass,pm2_5ConcMass_p,pm2_5ConcNum,relHumid,temperature
11/01/2021 00:02:30,7.21,0.0,1.27,0.0,1.25,0.0,3.72,1.26,17.11,27.05
11/01/2021 00:06:02,7.67,0.24,1.44,0.0,1.39,0.24,3.864,1.42,17.09,27.06
11/01/2021 00:09:36,7.48,0.24,1.18,0.0,1.13,0.0,3.719,1.16,17.12,27.06
11/01/2021 00:13:08,7.58,0.0,1.14,0.0,1.1,0.0,3.722,1.13,17.09,27.05
11/01/2021 00:16:41,7.68,0.24,1.14,0.0,1.1,0.0,3.722,1.12,17.08,27.07
11/01/2021 00:20:14,7.94,0.0,1.36,0.0,1.32,0.0,3.72,1.35,17.11,27.06
11/01/2021 00:23:47,7.39,0.0,1.71,0.0,1.64,0.0,3.72,1.69,17.11,27.05
11/01/2021 00:27:20,8.09,0.0,1.44,0.0,1.41,0.0,3.724,1.43,17.06,27.06
11/01/2021 00:30:53,8.15,0.0,1.34,0.0,1.31,0.0,3.723,1.33,17.08,27.06
11/01/2021 00:34:26,7.06,0.0,1.3,0.0,1.26,0.0,3.718,1.28,17.14,27.05
11/01/2021 00:37:59,7.61,0.0,1.2,0.0,1.17,0.0,3.721,1.19,17.09,27.07
11/01/2021 00:41:32,7.23,0.0,1.3,0.0,1.27,0.0,3.717,1.29,17.14,27.07
11/01/2021 00:45:05,8.16,0.0,1.37,0.0,1.33,0.0,3.721,1.35,17.09,27.07
11/01/2021 00:48:38,6.83,0.0,1.32,0.0,1.28,0.0,3.717,1.31,17.14,27.06
11/01/2021 00:52:11,6.86,0.0,1.59,0.0,1.53,0.0,3.72,1.57,17.12,27.03
11/01/2021 00:55:43,7.76,0.0,1.56,0.0,1.53,0.0,3.723,1.55,17.08,27.05
11/01/2021 00:59:17,6.9,0.0,1.46,0.0,1.44,0.0,3.72,1.45,17.11,27.05
11/01/2021 01:02:49,7.52,0.0,1.34,0.0,1.31,0.0,3.72,1.32,17.11,27.06
11/01/2021 01:06:23,7.91,0.0,1.08,0.0,1.06,0.0,3.718,1.07,17.14,27.05
11/01/2021 01:09:56,6.89,0.05,1.36,0.0,1.32,0.0,3.719,1.35,17.12,27.05
11/01/2021 01:13:29,8.55,0.0,1.23,0.0,1.19,0.0,3.718,1.22,17.15,27.03
11/01/2021 01:17:02,7.69,0.0,1.45,0.0,1.42,0.0,3.718,1.44,17.14,27.05
11/01/2021 01:20:34,7.87,0.0,1.41,0.0,1.35,0.0,3.723,1.4,17.09,27.03
11/01/2021 01:24:07,8.25,0.0,1.21,0.0,1.18,0.0,3.716,1.19,17.17,27.03
11/01/2021 01:27:40,7.88,0.0,1.45,0.0,1.41,0.0,3.718,1.44,17.14,27.05
11/01/2021 01:31:13,8.13,0.24,1.68,0.0,1.64,0.0,3.716,1.66,17.17,27.03
11/01/2021 01:34:45,7.0,0.0,1.43,0.0,1.39,0.0,3.719,1.42,17.14,27.03
11/01/2021 01:38:18,7.05,0.0,1.36,0.0,1.33,0.0,3.721,1.35,17.11,27.03
11/01/2021 01:41:51,8.23,0.0,1.36,0.0,1.32,0.0,3.716,1.34,17.17,27.02
11/01/2021 01:45:24,7.36,0.24,1.86,0.0,1.82,0.24,3.861,1.86,17.14,27.03
11/01/2021 01:48:57,8.08,0.0,1.74,0.0,1.69,0.0,3.719,1.73,17.14,27.03
11/01/2021 01:52:30,7.38,0.0,1.78,0.0,1.72,0.0,3.714,1.76,17.18,27.05
11/01/2021 01:56:02,7.11,0.0,1.71,0.0,1.67,0.0,3.716,1.7,17.17,27.02
11/01/2021 01:59:36,7.51,0.0,1.57,0.0,1.54,0.0,3.718,1.56,17.15,27.03
11/01/2021 02:03:08,7.18,0.24,1.95,0.0,1.91,0.24,3.861,1.94,17.14,27.02
11/01/2021 02:06:41,7.72,0.0,1.54,0.0,1.46,0.0,3.716,1.52,17.18,27.02
11/01/2021 02:10:14,8.28,0.24,1.71,0.0,1.65,0.24,3.86,1.69,17.14,27.05
11/01/2021 02:13:48,7.46,0.24,1.83,0.0,1.79,0.24,3.861,1.82,17.15,26.99
11/01/2021 02:17:20,7.15,0.24,1.44,0.0,1.39,0.24,3.861,1.43,17.14,27.01
11/01/2021 02:20:54,8.09,0.24,1.76,0.0,1.69,0.24,3.858,1.74,17.17,27.02
11/01/2021 02:24:27,8.31,0.0,1.3,0.0,1.24,0.0,3.717,1.28,17.17,27.01
11/01/2021 02:27:59,7.66,0.24,1.69,0.0,1.63,0.24,3.858,1.67,17.18,27.01
11/01/2021 02:31:32,8.0,0.24,2.06,0.0,2.01,0.24,3.856,2.05,17.2,27.01
11/01/2021 02:35:05,7.96,0.24,1.44,0.0,1.41,0.24,3.855,1.42,17.2,27.03
11/01/2021 02:38:38,7.6,0.24,2.05,0.0,2.01,0.24,3.858,2.03,17.17,27.02
11/01/2021 02:42:11,7.2,0.0,1.58,0.0,1.54,0.0,3.719,1.58,17.15,27.01
11/01/2021 02:45:44,7.78,0.24,1.52,0.0,1.46,0.24,3.855,1.5,17.22,26.99
11/01/2021 02:49:16,7.35,0.24,2.19,0.0,2.14,0.24,3.855,2.18,17.22,26.99
11/01/2021 02:52:49,7.21,0.0,1.69,0.0,1.66,0.0,3.716,1.68,17.18,27.01
11/01/2021 02:56:22,6.88,0.0,1.51,0.0,1.46,0.0,3.716,1.49,17.18,27.02
11/01/2021 02:59:55,7.89,0.0,1.7,0.0,1.65,0.0,3.717,1.68,17.18,26.99
11/01/2021 03:03:28,7.25,0.0,1.73,0.0,1.7,0.0,3.714,1.72,17.2,27.01
11/01/2021 03:07:01,7.92,0.0,1.44,0.0,1.39,0.0,3.714,1.43,17.2,27.02
11/01/2021 03:10:34,7.76,0.0,1.77,0.0,1.75,0.0,3.716,1.76,17.18,27.01
11/01/2021 03:14:07,8.44,0.24,2.21,0.0,2.15,0.24,3.854,2.2,17.23,27.01
11/01/2021 03:17:39,8.11,0.47,2.07,0.0,2.03,0.24,3.853,2.05,17.23,27.02
11/01/2021 03:21:12,6.81,0.0,1.53,0.0,1.51,0.0,3.716,1.52,17.18,27.01
11/01/2021 03:24:45,7.44,0.24,2.06,0.0,2.0,0.24,3.853,2.04,17.24,27.01
11/01/2021 03:28:18,7.25,0.24,1.82,0.0,1.74,0.24,3.855,1.81,17.21,27.01
11/01/2021 03:31:51,7.48,0.24,1.98,0.0,1.91,0.24,3.855,1.96,17.21,27.02
11/01/2021 03:35:24,7.84,0.0,1.92,0.0,1.88,0.0,3.712,1.91,17.21,27.03
11/01/2021 03:38:57,7.59,0.29,1.97,0.0,1.9,0.29,3.884,1.95,17.21,27.02
11/01/2021 03:42:30,8.21,0.47,1.77,0.0,1.7,0.24,3.856,1.75,17.21,26.99
11/01/2021 03:46:02,8.14,0.24,1.89,0.0,1.82,0.24,3.85,1.88,17.27,27.01
11/01/2021 03:49:35,8.4,0.0,1.97,0.0,1.93,0.0,3.711,1.96,17.23,27.02
11/01/2021 03:53:08,7.79,0.04,1.9,0.0,1.86,0.0,3.711,1.9,17.23,27.02
11/01/2021 03:56:41,7.6,0.24,1.86,0.0,1.82,0.24,3.853,1.85,17.23,27.02
11/01/2021 04:00:14,7.03,0.0,1.54,0.0,1.51,0.0,3.706,1.53,17.3,26.99
11/01/2021 04:03:47,6.85,0.0,1.64,0.0,1.6,0.0,3.711,1.63,17.24,27.01
11/01/2021 04:07:20,7.58,0.24,1.95,0.0,1.89,0.24,3.856,1.94,17.21,26.99
11/01/2021 04:10:53,8.35,0.24,2.01,0.0,1.94,0.24,3.853,1.99,17.24,27.01
11/01/2021 04:14:26,7.67,0.0,1.74,0.0,1.7,0.0,3.712,1.73,17.23,27.01
11/01/2021 04:17:59,7.03,0.24,2.22,0.0,2.16,0.24,3.855,2.2,17.21,27.01
11/01/2021 04:21:32,7.17,0.24,1.91,0.0,1.86,0.24,3.855,1.9,17.22,26.99
11/01/2021 04:25:04,8.17,0.0,2.02,0.0,1.96,0.0,3.708,2.0,17.27,27.01
11/01/2021 04:28:37,7.79,0.24,1.85,0.0,1.8,0.0,3.711,1.83,17.24,27.01
11/01/2021 04:32:10,7.76,0.24,2.09,0.0,2.04,0.24,3.856,2.06,17.2,27.01
11/01/2021 04:35:43,7.89,0.05,2.02,0.0,1.98,0.05,3.742,2.02,17.24,26.98
11/01/2021 04:39:16,7.33,0.24,2.14,0.0,2.1,0.24,3.855,2.13,17.22,26.99
11/01/2021 04:42:49,7.79,0.24,2.04,0.0,2.0,0.24,3.853,2.03,17.25,26.98
11/01/2021 04:46:22,7.86,0.24,2.1,0.0,2.05,0.24,3.851,2.08,17.27,26.99
11/01/2021 04:49:55,8.18,0.0,1.89,0.0,1.85,0.0,3.712,1.88,17.24,26.99
11/01/2021 04:53:27,7.76,0.0,1.94,0.0,1.89,0.0,3.711,1.93,17.25,26.99
11/01/2021 04:57:00,7.57,0.24,2.31,0.0,2.26,0.24,3.854,2.3,17.24,26.99
11/01/2021 05:00:33,6.73,0.24,2.23,0.0,2.19,0.24,3.851,2.21,17.27,26.99
11/01/2021 05:04:06,7.82,0.24,2.14,0.0,2.07,0.24,3.851,2.13,17.27,26.98
11/01/2021 05:07:39,7.72,0.24,2.11,0.0,2.04,0.24,3.858,2.09,17.21,26.96
11/01/2021 05:11:12,7.87,0.24,2.61,0.0,2.56,0.24,3.851,2.6,17.27,26.99
11/01/2021 05:14:45,8.32,0.24,1.88,0.0,1.83,0.24,3.851,1.87,17.27,26.98
11/01/2021 05:18:17,7.43,0.24,2.29,0.0,2.23,0.24,3.854,2.27,17.25,26.96
11/01/2021 05:21:50,7.83,0.24,2.04,0.0,1.96,0.24,3.851,2.02,17.27,26.98
11/01/2021 05:25:23,7.18,0.24,2.02,0.0,1.98,0.24,3.851,2.0,17.27,26.98
11/01/2021 05:28:56,7.01,0.24,2.35,0.0,2.29,0.24,3.851,2.33,17.28,26.98
11/01/2021 05:32:29,6.91,0.47,2.19,0.0,2.16,0.24,3.849,2.18,17.29,26.99
11/01/2021 05:36:02,7.96,0.24,2.43,0.0,2.38,0.24,3.85,2.41,17.27,27.01
11/01/2021 05:39:35,7.75,0.24,1.79,0.0,1.76,0.24,3.848,1.77,17.3,26.99
11/01/2021 05:43:08,8.02,0.24,2.17,0.0,2.12,0.24,3.849,2.15,17.29,26.99
11/01/2021 05:46:41,7.64,0.24,2.15,0.0,2.09,0.24,3.85,2.13,17.27,27.01
11/01/2021 05:50:13,7.66,0.24,2.27,0.0,2.21,0.24,3.849,2.25,17.3,26.98
11/01/2021 05:53:46,7.16,0.24,2.31,0.0,2.24,0.24,3.854,2.29,17.25,26.96
11/01/2021 05:57:19,6.57,0.24,2.14,0.0,2.07,0.24,3.848,2.13,17.31,26.98
11/01/2021 06:00:52,7.23,0.24,2.15,0.0,2.09,0.24,3.847,2.14,17.33,26.96
11/01/2021 06:04:25,7.77,0.0,2.43,0.0,2.38,0.0,3.706,2.42,17.31,26.98
11/01/2021 06:07:58,8.02,0.24,2.28,0.0,2.25,0.24,3.851,2.27,17.27,26.99
11/01/2021 06:11:31,7.63,0.0,2.23,0.0,2.17,0.0,3.707,2.22,17.3,26.98
11/01/2021 06:15:03,6.6,0.29,2.65,0.05,2.57,0.29,3.878,2.63,17.3,26.98
11/01/2021 06:18:36,7.74,0.24,2.65,0.0,2.6,0.24,3.848,2.64,17.3,26.99
11/01/2021 06:22:09,7.42,0.24,2.44,0.0,2.37,0.24,3.848,2.43,17.3,26.99
11/01/2021 06:25:42,7.78,0.24,2.68,0.0,2.63,0.24,3.847,2.66,17.31,26.99
11/01/2021 06:29:15,8.06,0.29,2.7,0.0,2.64,0.24,3.851,2.68,17.27,26.99
11/01/2021 06:32:48,7.82,0.47,2.21,0.0,2.14,0.47,3.984,2.19,17.31,26.98
11/01/2021 06:36:21,7.33,0.0,2.29,0.0,2.25,0.0,3.709,2.28,17.27,26.98
11/01/2021 06:39:54,7.66,0.47,2.55,0.0,2.47,0.24,3.851,2.53,17.27,26.98
11/01/2021 06:43:27,7.74,0.0,2.23,0.0,2.18,0.0,3.709,2.22,17.27,26.99
11/01/2021 06:47:00,7.28,0.24,2.75,0.0,2.69,0.24,3.846,2.74,17.33,26.99
11/01/2021 06:50:33,8.31,0.24,2.23,0.0,2.16,0.24,3.848,2.22,17.31,26.98
11/01/2021 06:54:05,7.53,0.24,2.99,0.0,2.91,0.24,3.849,2.97,17.31,26.96
11/01/2021 06:57:38,7.36,0.24,2.31,0.0,2.25,0.24,3.847,2.3,17.33,26.96
11/01/2021 07:01:11,8.35,0.24,1.97,0.0,1.92,0.24,3.848,1.95,17.31,26.98
11/01/2021 07:04:44,7.37,0.24,2.3,0.0,2.24,0.24,3.847,2.28,17.34,26.95
11/01/2021 07:08:17,8.03,0.0,1.79,0.0,1.75,0.0,3.71,1.77,17.28,26.96
11/01/2021 07:11:50,8.17,0.24,2.55,0.0,2.44,0.24,3.846,2.53,17.33,26.99
11/01/2021 07:15:23,8.17,0.0,2.17,0.0,2.13,0.0,3.703,2.15,17.34,26.99
11/01/2021 07:18:56,7.38,0.0,2.06,0.0,2.02,0.0,3.707,2.05,17.3,26.98
11/01/2021 07:22:29,8.34,0.24,2.22,0.0,2.17,0.24,3.844,2.21,17.36,26.96
11/01/2021 07:26:02,7.86,0.24,2.52,0.0,2.45,0.24,3.847,2.51,17.31,26.99
11/01/2021 07:29:35,7.44,0.24,2.24,0.0,2.18,0.24,3.844,2.23,17.36,26.96
11/01/2021 07:33:08,8.04,0.24,2.3,0.0,2.27,0.24,3.846,2.3,17.33,26.98
11/01/2021 07:36:41,9.1,0.0,2.25,0.0,2.2,0.0,3.708,2.23,17.3,26.95
11/01/2021 07:40:14,8.05,0.24,2.2,0.0,2.16,0.24,3.846,2.19,17.33,26.98
11/01/2021 07:43:47,7.94,0.33,2.46,0.05,2.42,0.29,3.882,2.45,17.27,26.95
11/01/2021 07:47:20,7.6,0.24,2.23,0.0,2.16,0.24,3.847,2.21,17.34,26.95
11/01/2021 07:50:52,7.93,0.53,2.34,0.0,2.31,0.24,3.844,2.33,17.36,26.98
11/01/2021 07:54:25,7.02,0.0,2.32,0.0,2.28,0.0,3.703,2.3,17.36,26.95
11/01/2021 07:57:58,7.34,0.05,2.42,0.0,2.36,0.05,3.735,2.41,17.33,26.96
11/01/2021 08:01:31,7.7,0.24,2.43,0.0,2.4,0.24,3.845,2.42,17.36,26.95
11/01/2021 08:05:04,7.39,0.24,2.43,0.0,2.38,0.24,3.844,2.42,17.37,26.94
11/01/2021 08:08:37,7.73,0.0,2.29,0.0,2.23,0.0,3.7,2.27,17.39,26.95
11/01/2021 08:12:10,7.53,0.0,2.06,0.0,2.02,0.0,3.704,2.05,17.34,26.96
11/01/2021 08:15:43,7.37,0.0,1.92,0.0,1.89,0.0,3.702,1.91,17.36,26.96
11/01/2021 08:19:16,7.46,0.24,2.64,0.0,2.58,0.24,3.844,2.62,17.37,26.95
11/01/2021 08:22:48,6.45,0.24,2.33,0.0,2.29,0.24,3.85,2.33,17.31,26.94
11/01/2021 08:26:21,8.07,0.24,2.56,0.0,2.51,0.24,3.844,2.56,17.37,26.95
11/01/2021 08:29:54,8.12,0.24,2.26,0.0,2.22,0.24,3.842,2.25,17.4,26.94
11/01/2021 08:33:27,8.17,0.24,2.36,0.0,2.29,0.24,3.845,2.34,17.36,26.95
11/01/2021 08:37:00,7.72,0.0,2.56,0.0,2.49,0.0,3.702,2.53,17.36,26.96
11/01/2021 08:40:33,6.23,0.24,2.18,0.0,2.15,0.24,3.841,2.17,17.39,26.98
11/01/2021 08:44:06,8.49,0.47,2.54,0.0,2.47,0.24,3.841,2.53,17.4,26.96
11/01/2021 08:47:38,6.58,0.0,2.51,0.0,2.44,0.0,3.697,2.49,17.42,26.96
11/01/2021 08:51:11,7.58,0.24,2.65,0.0,2.57,0.24,3.847,2.63,17.34,26.95
11/01/2021 08:54:44,7.64,0.24,2.36,0.0,2.28,0.24,3.843,2.34,17.37,26.98
11/01/2021 08:58:17,6.94,0.0,2.27,0.0,2.23,0.0,3.702,2.26,17.36,26.96
11/01/2021 09:01:50,7.34,0.24,2.63,0.0,2.59,0.24,3.843,2.62,17.37,26.98
11/01/2021 09:05:23,6.55,0.24,2.31,0.0,2.25,0.24,3.841,2.3,17.4,26.96
11/01/2021 09:08:56,7.71,0.24,2.31,0.0,2.25,0.24,3.844,2.29,17.37,26.96
11/01/2021 09:12:29,8.72,0.24,2.39,0.0,2.35,0.24,3.836,2.37,17.42,27.02
11/01/2021 09:16:02,9.28,0.24,2.09,0.0,2.02,0.24,3.835,2.07,17.42,27.05
11/01/2021 09:19:34,11.36,0.24,2.08,0.0,2.04,0.24,3.833,2.07,17.42,27.1
11/01/2021 09:23:08,11.51,0.24,2.22,0.0,2.17,0.24,3.837,2.2,17.36,27.13
11/01/2021 09:26:40,12.44,0.24,2.44,0.0,2.39,0.24,3.829,2.42,17.43,27.17
11/01/2021 09:30:14,12.32,0.48,2.1,0.0,2.04,0.48,3.967,2.07,17.46,27.2
11/01/2021 09:33:47,12.54,0.0,2.05,0.0,1.99,0.0,3.683,2.04,17.45,27.22
11/01/2021 09:37:20,13.21,0.24,2.15,0.0,2.08,0.24,3.823,2.14,17.46,27.24
11/01/2021 09:40:52,13.2,0.47,2.65,0.0,2.56,0.47,3.961,2.64,17.43,27.26
11/01/2021 09:44:25,13.95,0.24,2.05,0.0,2.0,0.24,3.821,2.05,17.48,27.24
11/01/2021 09:47:58,13.53,0.24,2.09,0.0,2.05,0.24,3.82,2.08,17.49,27.24
11/01/2021 09:51:31,12.7,0.24,1.96,0.0,1.92,0.24,3.827,1.94,17.42,27.23
11/01/2021 09:55:04,13.71,0.24,1.67,0.0,1.61,0.24,3.824,1.66,17.45,27.23
11/01/2021 09:58:37,15.04,0.0,1.74,0.0,1.71,0.0,3.677,1.73,17.51,27.24
11/01/2021 10:02:10,13.61,0.0,1.48,0.0,1.46,0.0,3.68,1.46,17.48,27.22
11/01/2021 10:05:42,14.7,0.0,1.47,0.0,1.43,0.0,3.681,1.45,17.46,27.24
11/01/2021 10:09:15,15.61,0.0,1.19,0.0,1.16,0.0,3.679,1.18,17.49,27.23
11/01/2021 10:12:48,14.81,0.0,1.69,0.0,1.65,0.0,3.68,1.68,17.48,27.22
11/01/2021 10:16:21,14.7,0.0,1.95,0.0,1.9,0.0,3.675,1.93,17.55,27.2
11/01/2021 10:19:54,14.75,0.0,1.2,0.0,1.17,0.0,3.679,1.18,17.49,27.22
11/01/2021 10:23:27,14.44,0.0,1.72,0.0,1.67,0.0,3.68,1.7,17.49,27.2
11/01/2021 10:27:00,15.04,0.24,1.48,0.0,1.39,0.24,3.819,1.46,17.51,27.23
11/01/2021 10:30:33,15.37,0.0,1.56,0.0,1.52,0.0,3.673,1.55,17.55,27.24
11/01/2021 10:34:06,13.43,0.0,1.56,0.0,1.52,0.0,3.679,1.54,17.49,27.24
11/01/2021 10:37:39,13.93,0.0,1.94,0.0,1.9,0.0,3.673,1.93,17.55,27.24
11/01/2021 10:41:11,14.24,0.0,1.31,0.0,1.27,0.0,3.676,1.3,17.52,27.24
11/01/2021 10:44:44,13.95,0.24,1.51,0.0,1.47,0.24,3.816,1.5,17.51,27.29
11/01/2021 10:48:17,14.02,0.24,1.23,0.0,1.19,0.0,3.671,1.21,17.53,27.32
11/01/2021 10:51:50,12.85,0.0,1.58,0.0,1.55,0.0,3.674,1.56,17.5,27.32
11/01/2021 10:55:23,12.8,0.0,1.11,0.0,1.05,0.0,3.671,1.09,17.54,27.32
11/01/2021 10:58:56,12.57,0.0,1.18,0.0,1.15,0.0,3.671,1.17,17.53,27.32
11/01/2021 11:02:29,13.03,0.0,1.49,0.0,1.44,0.0,3.673,1.47,17.5,27.34
11/01/2021 11:06:02,13.9,0.0,1.21,0.0,1.2,0.0,3.671,1.21,17.51,27.37
11/01/2021 11:09:35,13.65,0.0,1.65,0.0,1.61,0.0,3.674,1.63,17.47,27.39
11/01/2021 11:13:08,13.59,0.0,1.58,0.0,1.54,0.0,3.675,1.57,17.47,27.36
11/01/2021 11:16:41,13.5,0.0,1.52,0.0,1.49,0.0,3.672,1.51,17.5,27.37
11/01/2021 11:20:14,14.67,0.0,1.25,0.0,1.22,0.0,3.67,1.24,17.49,27.42
11/01/2021 11:23:47,14.18,0.0,1.56,0.0,1.53,0.0,3.672,1.55,17.47,27.42
11/01/2021 11:27:20,14.0,0.0,0.99,0.0,0.97,0.0,3.675,0.99,17.44,27.42
11/01/2021 11:30:53,13.58,0.0,1.11,0.0,1.07,0.0,3.676,1.1,17.42,27.44
11/01/2021 11:34:26,13.05,0.0,1.48,0.0,1.45,0.0,3.672,1.48,17.45,27.46
11/01/2021 11:37:59,13.43,0.0,1.37,0.0,1.33,0.0,3.672,1.35,17.45,27.47
11/01/2021 11:41:32,13.54,0.0,1.3,0.0,1.28,0.0,3.674,1.29,17.44,27.43
11/01/2021 11:45:05,13.69,0.0,1.45,0.0,1.42,0.0,3.674,1.45,17.42,27.47
11/01/2021 11:48:38,14.18,0.0,1.09,0.0,1.06,0.0,3.674,1.08,17.42,27.47
11/01/2021 11:52:11,13.26,0.0,1.06,0.0,1.03,0.0,3.672,1.05,17.45,27.46
11/01/2021 11:55:44,13.82,0.0,1.49,0.0,1.46,0.0,3.671,1.48,17.46,27.46
11/01/2021 11:59:17,14.68,0.0,1.32,0.0,1.28,0.0,3.672,1.31,17.46,27.44
11/01/2021 12:02:49,15.16,0.0,1.49,0.0,1.45,0.0,3.671,1.48,17.46,27.46
11/01/2021 12:06:22,14.99,0.0,1.37,0.0,1.34,0.0,3.668,1.37,17.48,27.49
11/01/2021 12:09:55,14.81,0.0,1.14,0.0,1.12,0.0,3.669,1.13,17.48,27.47
11/01/2021 12:13:28,15.14,0.0,1.61,0.0,1.56,0.0,3.672,1.59,17.45,27.46
11/01/2021 12:17:01,14.83,0.0,1.33,0.0,1.28,0.0,3.672,1.32,17.45,27.47
11/01/2021 12:20:34,14.46,0.0,1.48,0.0,1.42,0.0,3.67,1.46,17.45,27.5
11/01/2021 12:24:07,14.37,0.0,1.51,0.0,1.44,0.0,3.674,1.49,17.43,27.47
11/01/2021 12:27:40,15.45,0.24,1.56,0.0,1.51,0.24,3.813,1.55,17.46,27.47
11/01/2021 12:31:13,14.62,0.0,1.35,0.0,1.31,0.0,3.666,1.34,17.51,27.49
11/01/2021 12:34:46,15.95,0.0,1.76,0.0,1.74,0.0,3.667,1.76,17.51,27.46
11/01/2021 12:38:19,15.35,0.0,1.19,0.0,1.16,0.0,3.67,1.18,17.46,27.49
11/01/2021 12:41:51,15.37,0.0,1.26,0.0,1.22,0.0,3.666,1.24,17.49,27.51
11/01/2021 12:45:24,14.99,0.0,1.16,0.0,1.11,0.0,3.665,1.15,17.52,27.49
11/01/2021 12:48:57,14.2,0.0,1.42,0.0,1.37,0.0,3.665,1.4,17.52,27.49
11/01/2021 12:52:30,14.78,0.0,1.66,0.0,1.61,0.0,3.665,1.65,17.51,27.51
11/01/2021 12:56:03,15.75,0.0,1.55,0.0,1.51,0.0,3.665,1.54,17.51,27.5
11/01/2021 12:59:36,14.22,0.0,1.46,0.0,1.44,0.0,3.664,1.45,17.52,27.51
11/01/2021 13:03:09,13.93,0.0,1.54,0.0,1.51,0.0,3.664,1.52,17.52,27.5
11/01/2021 13:06:42,15.57,0.0,1.48,0.0,1.44,0.0,3.66,1.47,17.57,27.5
11/01/2021 13:10:15,14.42,0.0,1.32,0.0,1.29,0.0,3.659,1.31,17.57,27.51
11/01/2021 13:13:48,14.96,0.0,1.36,0.0,1.32,0.0,3.66,1.35,17.57,27.5
11/01/2021 13:17:21,14.98,0.0,1.4,0.0,1.36,0.0,3.658,1.39,17.58,27.53
11/01/2021 13:20:54,16.09,0.24,1.22,0.0,1.18,0.24,3.799,1.21,17.6,27.5
11/01/2021 13:24:27,15.76,0.0,1.08,0.0,1.04,0.0,3.659,1.07,17.56,27.53
11/01/2021 13:28:00,15.01,0.0,1.21,0.0,1.17,0.0,3.656,1.2,17.58,27.56
11/01/2021 13:31:33,14.85,0.0,1.54,0.0,1.5,0.0,3.661,1.53,17.54,27.54
11/01/2021 13:35:05,14.55,0.0,1.52,0.0,1.47,0.0,3.656,1.51,17.58,27.57
11/01/2021 13:38:38,16.08,0.0,1.47,0.0,1.42,0.0,3.653,1.45,17.62,27.56
11/01/2021 13:42:11,15.38,0.0,1.33,0.0,1.29,0.0,3.657,1.32,17.57,27.57
11/01/2021 13:45:44,16.25,0.24,1.68,0.0,1.62,0.24,3.794,1.67,17.62,27.57
11/01/2021 13:49:17,15.15,0.24,1.83,0.0,1.79,0.0,3.657,1.82,17.58,27.54
11/01/2021 13:52:50,15.64,0.24,1.31,0.0,1.29,0.24,3.796,1.3,17.62,27.54
11/01/2021 13:56:23,15.88,0.0,1.39,0.0,1.36,0.0,3.648,1.38,17.69,27.54
11/01/2021 13:59:56,15.66,0.0,1.45,0.0,1.41,0.0,3.647,1.43,17.7,27.54
11/01/2021 14:03:29,16.18,0.0,1.11,0.0,1.06,0.0,3.648,1.1,17.69,27.54
11/01/2021 14:07:01,16.37,0.0,1.48,0.0,1.42,0.0,3.645,1.46,17.71,27.57
11/01/2021 14:10:34,15.65,0.0,1.6,0.0,1.55,0.0,3.647,1.58,17.69,27.56
11/01/2021 14:14:07,15.73,0.0,1.4,0.0,1.37,0.0,3.64,1.38,17.75,27.6
11/01/2021 14:17:40,14.22,0.0,1.26,0.0,1.22,0.0,3.643,1.25,17.72,27.58
11/01/2021 14:21:13,15.22,0.0,1.49,0.0,1.45,0.0,3.642,1.48,17.72,27.61
11/01/2021 14:24:45,15.85,0.0,1.42,0.0,1.39,0.0,3.643,1.4,17.71,27.61
11/01/2021 14:28:18,15.78,0.0,1.13,0.0,1.08,0.0,3.642,1.12,17.72,27.61
11/01/2021 14:31:51,16.02,0.0,1.19,0.0,1.16,0.0,3.636,1.18,17.79,27.61
11/01/2021 14:35:24,15.79,0.0,1.44,0.0,1.4,0.0,3.641,1.42,17.74,27.58
11/01/2021 14:38:57,16.61,0.0,1.13,0.0,1.1,0.0,3.641,1.12,17.75,27.58
11/01/2021 14:42:29,16.55,0.0,1.15,0.0,1.13,0.0,3.641,1.14,17.74,27.58
11/01/2021 14:46:02,15.56,0.0,1.28,0.0,1.23,0.0,3.635,1.26,17.81,27.58
11/01/2021 14:49:35,16.52,0.0,1.1,0.0,1.06,0.0,3.639,1.09,17.77,27.58
11/01/2021 14:53:08,16.07,0.0,1.2,0.0,1.17,0.0,3.633,1.19,17.84,27.58
11/01/2021 14:56:41,15.45,0.0,1.06,0.0,1.02,0.0,3.634,1.05,17.81,27.6
11/01/2021 15:00:14,14.27,0.0,1.35,0.0,1.3,0.0,3.63,1.34,17.86,27.6
11/01/2021 15:03:48,15.73,0.0,1.39,0.0,1.36,0.0,3.627,1.38,17.89,27.61
11/01/2021 15:07:21,15.66,0.0,1.27,0.0,1.24,0.0,3.636,1.26,17.8,27.58
11/01/2021 15:10:53,15.9,0.0,1.31,0.0,1.25,0.0,3.631,1.3,17.86,27.58
11/01/2021 15:14:26,14.82,0.0,1.27,0.0,1.23,0.0,3.634,1.25,17.83,27.57
11/01/2021 15:17:59,15.52,0.24,1.19,0.0,1.17,0.0,3.636,1.19,17.8,27.58
11/01/2021 15:21:32,15.16,0.0,1.45,0.0,1.41,0.0,3.628,1.43,17.89,27.58
11/01/2021 15:25:05,14.89,0.0,1.15,0.0,1.1,0.0,3.635,1.13,17.81,27.58
11/01/2021 15:28:38,15.79,0.0,1.07,0.0,1.03,0.0,3.631,1.05,17.84,27.61
11/01/2021 15:32:11,16.09,0.0,0.9,0.0,0.84,0.0,3.629,0.88,17.87,27.61
11/01/2021 15:35:44,14.48,0.0,1.16,0.0,1.12,0.0,3.634,1.15,17.81,27.61
11/01/2021 15:39:17,15.27,0.0,0.98,0.0,0.97,0.0,3.625,0.98,17.9,27.64
11/01/2021 15:42:50,15.43,0.0,1.01,0.0,0.99,0.0,3.625,1.0,17.9,27.63
11/01/2021 15:46:23,14.88,0.24,1.32,0.0,1.27,0.24,3.777,1.3,17.79,27.63
11/01/2021 15:49:56,14.85,0.24,0.97,0.0,0.94,0.0,3.625,0.95,17.9,27.63
11/01/2021 15:53:29,16.2,0.0,0.81,0.0,0.79,0.0,3.629,0.8,17.87,27.61
11/01/2021 15:57:02,14.04,0.0,1.04,0.0,1.01,0.0,3.619,1.03,17.96,27.64
11/01/2021 16:00:35,16.45,0.0,1.09,0.0,1.04,0.0,3.627,1.08,17.89,27.61
11/01/2021 16:04:08,15.81,0.0,0.85,0.0,0.81,0.0,3.626,0.84,17.9,27.61
11/01/2021 16:07:40,15.42,0.0,0.93,0.0,0.89,0.0,3.63,0.92,17.86,27.6
11/01/2021 16:11:13,14.59,0.24,1.29,0.0,1.25,0.0,3.631,1.28,17.83,27.63
11/01/2021 16:14:46,15.7,0.0,1.41,0.0,1.39,0.0,3.634,1.4,17.81,27.61
11/01/2021 16:18:19,15.3,0.0,1.25,0.0,1.24,0.0,3.637,1.24,17.78,27.6
11/01/2021 16:21:52,13.7,0.0,1.32,0.0,1.27,0.0,3.634,1.3,17.81,27.6
11/01/2021 16:25:25,14.61,0.0,1.29,0.0,1.25,0.0,3.637,1.28,17.77,27.61
11/01/2021 16:28:58,15.51,0.0,1.27,0.0,1.22,0.0,3.633,1.26,17.81,27.63
11/01/2021 16:32:31,14.47,0.0,1.38,0.0,1.35,0.0,3.63,1.37,17.84,27.64
11/01/2021 16:36:03,15.46,0.0,1.62,0.0,1.56,0.0,3.629,1.6,17.86,27.63
11/01/2021 16:39:36,15.65,0.0,1.36,0.0,1.31,0.0,3.627,1.34,17.89,27.61
11/01/2021 16:43:09,15.15,0.0,1.19,0.0,1.17,0.0,3.635,1.19,17.8,27.6
11/01/2021 16:46:42,15.16,0.0,1.49,0.0,1.45,0.0,3.64,1.47,17.74,27.61
11/01/2021 16:50:15,15.08,0.24,1.25,0.0,1.22,0.0,3.638,1.24,17.75,27.63
11/01/2021 16:53:48,14.47,0.24,1.44,0.0,1.41,0.24,3.784,1.43,17.72,27.6
11/01/2021 16:57:21,14.47,0.0,1.36,0.0,1.31,0.0,3.642,1.34,17.71,27.63
11/01/2021 17:00:54,14.8,0.24,1.64,0.0,1.6,0.24,3.784,1.62,17.71,27.63
11/01/2021 17:04:27,14.25,0.0,1.15,0.0,1.12,0.0,3.644,1.14,17.69,27.61
11/01/2021 17:08:00,13.99,0.0,1.33,0.0,1.28,0.0,3.645,1.31,17.68,27.61
11/01/2021 17:11:33,13.56,0.0,1.13,0.0,1.08,0.0,3.644,1.11,17.69,27.61
11/01/2021 17:15:06,14.33,0.24,1.56,0.0,1.53,0.24,3.79,1.55,17.65,27.6
11/01/2021 17:18:39,14.7,0.0,1.18,0.0,1.14,0.0,3.648,1.17,17.65,27.6
11/01/2021 17:22:12,15.1,0.0,1.27,0.0,1.22,0.0,3.642,1.26,17.72,27.61
11/01/2021 17:25:44,14.71,0.0,1.38,0.0,1.33,0.0,3.644,1.36,17.71,27.58
11/01/2021 17:29:17,13.73,0.0,1.45,0.0,1.41,0.0,3.646,1.43,17.68,27.6
11/01/2021 17:32:50,14.34,0.0,1.41,0.0,1.36,0.0,3.647,1.39,17.67,27.6
11/01/2021 17:36:23,14.73,0.0,1.58,0.0,1.54,0.0,3.647,1.57,17.67,27.6
11/01/2021 17:39:56,13.39,0.0,1.79,0.0,1.74,0.0,3.652,1.78,17.61,27.6
11/01/2021 17:43:29,13.84,0.0,1.58,0.0,1.55,0.0,3.652,1.56,17.59,27.63
11/01/2021 17:47:02,14.56,0.0,2.2,0.0,2.15,0.0,3.647,2.18,17.67,27.6
11/01/2021 17:50:35,14.94,0.0,1.62,0.0,1.58,0.0,3.651,1.61,17.62,27.61
11/01/2021 17:54:08,14.94,0.0,1.53,0.0,1.5,0.0,3.655,1.52,17.57,27.61
11/01/2021 17:57:41,14.57,0.0,1.51,0.0,1.44,0.0,3.647,1.49,17.65,27.63
11/01/2021 18:01:14,14.92,0.0,1.39,0.0,1.34,0.0,3.644,1.38,17.68,27.64
11/01/2021 18:04:47,16.14,0.0,1.74,0.0,1.67,0.0,3.638,1.74,17.75,27.63
11/01/2021 18:08:20,14.83,0.24,1.66,0.0,1.62,0.24,3.778,1.65,17.77,27.63
11/01/2021 18:11:53,15.17,0.24,1.84,0.0,1.77,0.24,3.779,1.82,17.77,27.61
11/01/2021 18:15:25,14.81,0.0,1.73,0.0,1.67,0.0,3.633,1.72,17.8,27.65
11/01/2021 18:18:58,15.89,0.0,2.03,0.0,1.98,0.0,3.633,2.02,17.81,27.63
11/01/2021 18:22:31,15.85,0.0,1.81,0.0,1.74,0.0,3.625,1.8,17.89,27.65
11/01/2021 18:26:04,15.67,0.29,2.04,0.0,2.0,0.29,3.808,2.02,17.76,27.64
11/01/2021 18:29:37,15.52,0.24,2.11,0.0,2.05,0.24,3.767,2.1,17.88,27.68
11/01/2021 18:33:10,14.92,0.24,2.39,0.0,2.34,0.24,3.772,2.38,17.82,27.67
11/01/2021 18:36:43,15.18,0.24,2.05,0.0,2.0,0.24,3.773,2.04,17.82,27.65
11/01/2021 18:40:16,16.27,0.24,2.04,0.0,1.99,0.24,3.771,2.03,17.83,27.67
11/01/2021 18:43:49,15.36,0.0,2.09,0.0,2.03,0.0,3.63,2.07,17.83,27.65
11/01/2021 18:47:22,15.57,0.24,2.11,0.0,2.04,0.24,3.768,2.1,17.88,27.64
11/01/2021 18:50:55,16.01,0.0,2.0,0.0,1.94,0.0,3.625,1.99,17.9,27.64
11/01/2021 18:54:28,15.64,0.24,2.0,0.0,1.94,0.24,3.768,1.98,17.89,27.64
11/01/2021 18:58:01,15.66,0.24,1.82,0.0,1.78,0.24,3.767,1.8,17.89,27.65
11/01/2021 19:01:34,14.95,0.29,1.99,0.0,1.92,0.29,3.791,1.98,17.95,27.65
11/01/2021 19:05:07,15.35,0.24,1.87,0.0,1.81,0.24,3.761,1.86,17.96,27.65
11/01/2021 19:08:40,15.26,0.24,1.82,0.0,1.74,0.24,3.761,1.8,17.95,27.67
11/01/2021 19:12:13,14.84,0.24,1.89,0.0,1.82,0.24,3.758,1.87,17.97,27.7
11/01/2021 19:15:45,14.91,0.24,1.97,0.0,1.92,0.24,3.761,1.96,17.94,27.68
11/01/2021 19:19:19,14.68,0.47,1.81,0.0,1.73,0.24,3.763,1.78,17.92,27.68
11/01/2021 19:22:52,15.85,0.0,1.66,0.0,1.61,0.0,3.618,1.65,17.95,27.7
11/01/2021 19:26:24,14.5,0.0,1.67,0.0,1.62,0.0,3.621,1.66,17.91,27.7
11/01/2021 19:29:57,14.58,0.0,1.29,0.0,1.26,0.0,3.624,1.28,17.88,27.7
11/01/2021 19:33:30,13.99,0.0,1.55,0.0,1.49,0.0,3.623,1.54,17.9,27.68
11/01/2021 19:37:03,14.44,0.0,1.48,0.0,1.45,0.0,3.621,1.47,17.92,27.68
11/01/2021 19:40:36,14.54,0.0,1.51,0.0,1.47,0.0,3.628,1.5,17.85,27.67
11/01/2021 19:44:09,13.87,0.0,1.64,0.0,1.6,0.0,3.624,1.63,17.89,27.67
11/01/2021 19:47:42,14.29,0.0,1.12,0.0,1.1,0.0,3.627,1.11,17.86,27.67
11/01/2021 19:51:14,15.23,0.0,1.44,0.0,1.39,0.0,3.625,1.42,17.88,27.67
11/01/2021 19:54:47,14.31,0.0,1.25,0.0,1.22,0.0,3.625,1.23,17.88,27.67
11/01/2021 19:58:20,14.65,0.0,1.54,0.0,1.49,0.0,3.628,1.52,17.85,27.67
11/01/2021 20:01:53,14.91,0.0,1.15,0.0,1.11,0.0,3.63,1.13,17.83,27.67
11/01/2021 20:05:26,14.9,0.24,1.36,0.0,1.32,0.24,3.774,1.34,17.8,27.67
11/01/2021 20:08:59,14.03,0.0,1.34,0.0,1.3,0.0,3.633,1.33,17.8,27.65
11/01/2021 20:12:32,14.01,0.0,0.97,0.0,0.96,0.0,3.637,0.96,17.76,27.65
11/01/2021 20:16:05,13.78,0.0,1.2,0.0,1.16,0.0,3.638,1.18,17.73,27.67
11/01/2021 20:19:38,14.51,0.0,1.1,0.0,1.08,0.0,3.64,1.09,17.71,27.67
11/01/2021 20:23:11,14.68,0.0,1.03,0.0,0.98,0.0,3.641,1.02,17.7,27.67
11/01/2021 20:26:44,15.28,0.0,1.13,0.0,1.08,0.0,3.643,1.11,17.69,27.64
11/01/2021 20:30:17,14.61,0.0,1.31,0.0,1.25,0.0,3.64,1.3,17.7,27.68
11/01/2021 20:33:50,15.3,0.0,1.34,0.0,1.28,0.0,3.644,1.33,17.68,27.65
11/01/2021 20:37:23,14.87,0.24,1.47,0.0,1.43,0.0,3.641,1.44,17.7,27.67
11/01/2021 20:40:56,15.18,0.0,1.25,0.0,1.23,0.0,3.644,1.24,17.67,27.65
11/01/2021 20:44:29,14.61,0.0,1.19,0.0,1.17,0.0,3.648,1.18,17.63,27.65
11/01/2021 20:48:02,14.12,0.24,1.3,0.0,1.27,0.24,3.787,1.28,17.65,27.68
11/01/2021 20:51:34,13.61,0.0,1.11,0.0,1.09,0.0,3.645,1.1,17.65,27.67
11/01/2021 20:55:07,15.19,0.0,1.27,0.0,1.23,0.0,3.642,1.25,17.68,27.68
11/01/2021 20:58:40,14.62,0.0,1.1,0.0,1.08,0.0,3.648,1.09,17.61,27.68
11/01/2021 21:02:13,15.05,0.0,0.97,0.0,0.94,0.0,3.649,0.96,17.62,27.65
11/01/2021 21:05:46,15.11,0.0,1.3,0.0,1.27,0.0,3.642,1.29,17.68,27.68
11/01/2021 21:09:19,14.73,0.0,1.31,0.0,1.26,0.0,3.648,1.29,17.63,27.65
11/01/2021 21:12:52,14.26,0.0,1.41,0.0,1.37,0.0,3.648,1.39,17.63,27.64
11/01/2021 21:16:25,14.31,0.0,1.31,0.0,1.27,0.0,3.644,1.3,17.67,27.65
11/01/2021 21:19:58,13.88,0.0,1.56,0.0,1.52,0.0,3.648,1.55,17.63,27.64
11/01/2021 21:23:31,15.05,0.0,1.56,0.0,1.5,0.0,3.644,1.54,17.69,27.63
11/01/2021 21:27:04,15.47,0.24,1.26,0.0,1.22,0.24,3.785,1.24,17.67,27.67
11/01/2021 21:30:37,14.58,0.0,1.09,0.0,1.06,0.0,3.644,1.07,17.67,27.65
11/01/2021 21:34:10,14.54,0.24,1.23,0.0,1.19,0.24,3.792,1.22,17.61,27.65
11/01/2021 21:37:43,13.85,0.0,1.62,0.0,1.58,0.0,3.648,1.6,17.63,27.65
11/01/2021 21:41:16,14.11,0.0,1.32,0.0,1.28,0.0,3.646,1.31,17.65,27.65
11/01/2021 21:44:49,14.7,0.0,1.9,0.0,1.85,0.0,3.646,1.88,17.65,27.65
11/01/2021 21:48:22,13.75,0.0,1.96,0.0,1.92,0.0,3.642,1.94,17.7,27.65
11/01/2021 21:51:55,14.67,0.0,1.69,0.0,1.64,0.0,3.646,1.68,17.65,27.65
11/01/2021 21:55:28,15.66,0.24,1.87,0.0,1.82,0.24,3.786,1.85,17.68,27.64
11/01/2021 21:59:01,14.85,0.24,1.85,0.0,1.81,0.24,3.775,1.83,17.81,27.63
11/01/2021 22:02:34,14.09,0.05,1.57,0.0,1.53,0.0,3.639,1.55,17.75,27.61
11/01/2021 22:06:06,14.2,0.24,1.99,0.0,1.94,0.24,3.786,1.98,17.68,27.64
11/01/2021 22:09:39,14.36,0.0,1.42,0.0,1.39,0.0,3.641,1.41,17.71,27.64
11/01/2021 22:13:12,13.51,0.0,1.86,0.0,1.82,0.0,3.647,1.84,17.65,27.63
11/01/2021 22:16:45,14.0,0.24,2.13,0.0,2.09,0.24,3.789,2.12,17.65,27.63
11/01/2021 22:20:18,14.55,0.24,2.19,0.0,2.13,0.24,3.791,2.18,17.63,27.63
11/01/2021 22:23:51,14.05,0.0,2.19,0.0,2.13,0.0,3.647,2.18,17.65,27.64
11/01/2021 22:27:24,13.33,0.24,2.45,0.0,2.39,0.24,3.789,2.44,17.65,27.64
11/01/2021 22:30:57,14.9,0.28,2.41,0.0,2.35,0.04,3.667,2.4,17.69,27.63
11/01/2021 22:34:30,14.08,0.24,2.1,0.0,2.05,0.24,3.789,2.08,17.65,27.63
11/01/2021 22:38:03,14.86,0.0,1.75,0.0,1.68,0.0,3.649,1.75,17.65,27.58
11/01/2021 22:41:36,15.08,0.0,1.78,0.0,1.73,0.0,3.646,1.76,17.67,27.61
11/01/2021 22:45:09,13.62,0.0,2.0,0.0,1.95,0.0,3.651,1.99,17.61,27.63
11/01/2021 22:48:42,14.93,0.0,1.48,0.0,1.44,0.0,3.651,1.47,17.61,27.61
11/01/2021 22:52:15,14.44,0.05,1.61,0.0,1.58,0.0,3.653,1.59,17.58,27.63
11/01/2021 22:55:48,14.03,0.24,1.8,0.0,1.76,0.24,3.797,1.79,17.57,27.61
11/01/2021 22:59:21,15.11,0.0,1.62,0.0,1.59,0.0,3.655,1.61,17.57,27.61
11/01/2021 23:02:54,14.46,0.24,2.15,0.0,2.1,0.24,3.792,2.13,17.61,27.63
11/01/2021 23:06:26,13.97,0.0,1.91,0.0,1.85,0.0,3.656,1.89,17.55,27.63
11/01/2021 23:09:59,14.02,0.24,1.97,0.0,1.94,0.24,3.795,1.95,17.58,27.64
11/01/2021 23:13:32,14.83,0.0,1.86,0.0,1.81,0.0,3.658,1.85,17.53,27.63
11/01/2021 23:17:05,13.12,0.24,1.87,0.0,1.84,0.24,3.794,1.86,17.59,27.64
11/01/2021 23:20:38,13.7,0.24,1.32,0.0,1.27,0.0,3.656,1.3,17.55,27.63
11/01/2021 23:24:11,14.9,0.0,1.95,0.0,1.89,0.0,3.653,1.94,17.58,27.63
11/01/2021 23:27:44,14.62,0.05,1.46,0.0,1.42,0.0,3.652,1.45,17.59,27.64
11/01/2021 23:31:17,14.08,0.0,1.6,0.0,1.56,0.0,3.653,1.59,17.58,27.63
11/01/2021 23:34:50,14.37,0.24,1.86,0.0,1.78,0.24,3.799,1.85,17.53,27.63
11/01/2021 23:38:23,14.59,0.0,1.42,0.0,1.38,0.0,3.657,1.41,17.53,27.64
11/01/2021 23:41:56,13.98,0.0,1.6,0.0,1.55,0.0,3.655,1.59,17.56,27.63
11/01/2021 23:45:29,14.53,0.0,1.74,0.0,1.71,0.0,3.658,1.73,17.53,27.61
11/01/2021 23:49:01,13.37,0.0,1.52,0.0,1.46,0.0,3.659,1.51,17.5,27.65
11/01/2021 23:52:34,13.57,0.0,1.39,0.0,1.35,0.0,3.659,1.38,17.5,27.65
11/01/2021 23:56:07,13.89,0.0,1.69,0.0,1.64,0.0,3.663,1.68,17.46,27.65
11/01/2021 23:59:40,14.2,0.0,1.4,0.0,1.36,0.0,3.658,1.39,17.52,27.65
11/02/2021 00:03:13,13.59,0.0,1.16,0.0,1.12,0.0,3.658,1.14,17.53,27.63
11/02/2021 00:06:46,13.37,0.0,1.54,0.0,1.48,0.0,3.662,1.52,17.47,27.64
11/02/2021 00:10:19,14.48,0.24,1.46,0.0,1.43,0.24,3.802,1.44,17.51,27.61
11/02/2021 00:13:52,13.32,0.0,1.45,0.0,1.4,0.0,3.657,1.44,17.55,27.61
11/02/2021 00:17:25,14.48,0.24,1.32,0.0,1.27,0.24,3.796,1.3,17.6,27.58
11/02/2021 00:20:58,13.05,0.0,1.42,0.0,1.4,0.0,3.655,1.41,17.6,27.56
11/02/2021 00:24:31,12.63,0.0,1.4,0.0,1.35,0.0,3.655,1.39,17.6,27.56
11/02/2021 00:28:04,12.81,0.0,1.32,0.0,1.28,0.0,3.659,1.31,17.56,27.53
11/02/2021 00:31:36,12.68,0.24,1.62,0.0,1.56,0.24,3.799,1.61,17.61,27.49
11/02/2021 00:35:09,11.85,0.24,1.53,0.0,1.5,0.24,3.801,1.52,17.61,27.44
11/02/2021 00:38:42,13.21,0.0,1.24,0.0,1.18,0.0,3.66,1.21,17.61,27.43
11/02/2021 00:42:15,11.71,0.0,1.41,0.0,1.37,0.0,3.659,1.4,17.62,27.42
11/02/2021 00:45:48,11.97,0.0,1.25,0.0,1.2,0.0,3.818,1.24,17.61,27.39
11/02/2021 00:49:21,11.93,0.0,1.46,0.0,1.44,0.0,3.815,1.45,17.65,27.34
11/02/2021 00:52:54,12.15,0.0,1.44,0.0,1.41,0.0,3.814,1.43,17.66,27.3
11/02/2021 00:56:27,12.17,0.0,1.43,0.0,1.38,0.0,3.81,1.41,17.71,27.27
11/02/2021 01:00:00,12.47,0.0,1.31,0.0,1.28,0.0,3.811,1.3,17.69,27.26
11/02/2021 01:03:33,12.13,0.0,1.33,0.0,1.3,0.0,3.809,1.33,17.72,27.24
11/02/2021 01:07:06,12.18,0.24,1.6,0.0,1.56,0.24,3.961,1.59,17.73,27.19
11/02/2021 01:10:39,10.47,0.0,1.09,0.0,1.08,0.0,3.811,1.08,17.68,27.17
11/02/2021 01:14:12,11.64,0.0,1.28,0.0,1.24,0.0,3.813,1.27,17.65,27.16
11/02/2021 01:17:45,11.25,0.05,1.36,0.0,1.31,0.05,3.839,1.34,17.72,27.13
11/02/2021 01:21:17,11.59,0.0,1.12,0.0,1.08,0.0,3.804,1.11,17.76,27.1
11/02/2021 01:24:50,11.98,0.0,1.34,0.0,1.3,0.0,3.805,1.33,17.75,27.09
11/02/2021 01:28:23,11.36,0.24,1.78,0.0,1.75,0.24,3.954,1.77,17.81,27.03
11/02/2021 01:31:56,11.23,0.0,1.34,0.0,1.31,0.0,3.8,1.32,17.81,27.03
11/02/2021 01:35:29,10.18,0.0,1.48,0.0,1.42,0.0,3.799,1.46,17.81,27.01
11/02/2021 01:39:02,11.16,0.0,1.45,0.0,1.43,0.0,3.8,1.44,17.81,27.02
11/02/2021 01:42:35,10.13,0.0,1.23,0.0,1.2,0.0,3.798,1.22,17.82,26.98
11/02/2021 01:46:08,8.83,0.0,1.66,0.0,1.58,0.0,3.798,1.65,17.82,26.98
11/02/2021 01:49:40,10.88,0.24,1.85,0.0,1.79,0.24,3.954,1.84,17.8,26.95
11/02/2021 01:53:13,11.16,0.0,1.44,0.0,1.4,0.0,3.799,1.43,17.8,26.91
11/02/2021 01:56:46,9.81,0.0,1.39,0.0,1.37,0.0,3.793,1.38,17.88,26.92
11/02/2021 02:00:19,9.78,0.0,1.69,0.0,1.65,0.0,3.79,1.68,17.92,26.89
11/02/2021 02:03:52,9.93,0.24,1.77,0.0,1.69,0.24,3.946,1.75,17.89,26.85
11/02/2021 02:07:25,9.93,0.0,1.28,0.0,1.24,0.0,3.79,1.26,17.92,26.85
11/02/2021 02:10:58,10.42,0.0,1.43,0.0,1.39,0.0,3.792,1.41,17.89,26.85
11/02/2021 02:14:31,9.93,0.0,1.55,0.0,1.51,0.0,3.785,1.54,17.98,26.84
11/02/2021 02:18:04,10.75,0.0,1.92,0.0,1.89,0.0,3.778,1.91,18.07,26.82
11/02/2021 02:21:37,10.59,0.24,1.6,0.0,1.53,0.24,3.937,1.58,18.01,26.84
11/02/2021 02:25:10,11.07,0.0,1.57,0.0,1.55,0.0,3.778,1.56,18.08,26.84
11/02/2021 02:28:43,10.65,0.24,1.81,0.0,1.74,0.24,3.926,1.79,18.16,26.82
11/02/2021 02:32:16,10.12,0.0,1.66,0.0,1.59,0.0,3.779,1.64,18.07,26.86
11/02/2021 02:35:48,10.36,0.0,1.19,0.0,1.17,0.0,3.781,1.19,18.04,26.85
11/02/2021 02:39:21,9.18,0.0,1.28,0.0,1.24,0.0,3.779,1.27,18.07,26.86
11/02/2021 02:42:54,9.1,0.0,1.48,0.0,1.44,0.0,3.78,1.45,18.05,26.85
11/02/2021 02:46:27,9.72,0.24,1.4,0.0,1.35,0.24,3.935,1.37,18.04,26.85
11/02/2021 02:50:00,9.13,0.0,1.57,0.0,1.54,0.0,3.785,1.56,17.98,26.85
11/02/2021 02:53:33,8.45,0.0,1.46,0.0,1.43,0.0,3.783,1.45,18.01,26.88
11/02/2021 02:57:06,9.76,0.0,1.33,0.0,1.28,0.0,3.783,1.31,18.01,26.86
11/02/2021 03:00:39,9.11,0.0,1.28,0.0,1.23,0.0,3.788,1.26,17.95,26.86
11/02/2021 03:04:12,9.76,0.0,1.51,0.0,1.49,0.0,3.785,1.51,17.98,26.84
11/02/2021 03:07:45,9.01,0.0,1.35,0.0,1.31,0.0,3.781,1.33,18.04,26.85
11/02/2021 03:11:18,8.73,0.0,1.21,0.0,1.18,0.0,3.781,1.2,18.04,26.84
11/02/2021 03:14:51,8.98,0.0,1.0,0.0,0.97,0.0,3.784,0.99,17.99,26.81
11/02/2021 03:18:24,9.98,0.0,1.58,0.0,1.53,0.0,3.782,1.57,18.02,26.79
11/02/2021 03:21:56,9.2,0.24,1.35,0.0,1.31,0.0,3.782,1.33,18.02,26.78
11/02/2021 03:25:29,9.61,0.0,1.11,0.0,1.08,0.0,3.783,1.1,18.0,26.78
11/02/2021 03:29:02,9.0,0.0,1.42,0.0,1.35,0.0,3.779,1.4,18.05,26.75
11/02/2021 03:32:35,9.76,0.0,1.46,0.0,1.41,0.0,3.778,1.44,18.06,26.74
11/02/2021 03:36:08,9.45,0.0,1.24,0.0,1.19,0.0,3.778,1.23,18.06,26.75
11/02/2021 03:39:41,9.04,0.24,1.53,0.0,1.49,0.0,3.777,1.51,18.07,26.72
11/02/2021 03:43:14,8.88,0.0,1.28,0.0,1.25,0.0,3.777,1.27,18.08,26.74
11/02/2021 03:46:47,9.75,0.24,1.37,0.0,1.32,0.0,3.776,1.35,18.09,26.72
11/02/2021 03:50:20,8.57,0.24,1.93,0.0,1.86,0.24,3.933,1.91,18.05,26.71
11/02/2021 03:53:52,8.95,0.0,1.73,0.0,1.71,0.0,3.779,1.73,18.05,26.71
11/02/2021 03:57:25,8.68,0.0,1.24,0.0,1.19,0.0,3.775,1.22,18.1,26.71
11/02/2021 04:00:58,8.33,0.24,1.76,0.0,1.68,0.24,3.933,1.74,18.05,26.71
11/02/2021 04:04:31,9.43,0.0,1.4,0.0,1.36,0.0,3.776,1.39,18.09,26.69
11/02/2021 04:08:04,9.21,0.0,1.43,0.0,1.39,0.0,3.773,1.42,18.12,26.68
11/02/2021 04:22:16,8.95,0.24,1.6,0.0,1.56,0.24,3.926,1.59,18.14,26.64
11/02/2021 04:25:49,8.64,0.24,1.78,0.0,1.76,0.24,3.925,1.77,18.14,26.61
11/02/2021 04:29:22,8.62,0.24,1.89,0.0,1.83,0.24,3.926,1.88,18.13,26.62
11/02/2021 04:32:55,8.85,0.0,1.54,0.0,1.52,0.0,3.766,1.53,18.22,26.65
11/02/2021 04:36:28,8.94,0.24,1.46,0.0,1.41,0.24,3.921,1.45,18.21,26.65
11/02/2021 04:40:01,8.58,0.0,1.31,0.0,1.28,0.0,3.76,1.3,18.3,26.65
11/02/2021 04:43:34,8.26,0.0,1.8,0.0,1.75,0.0,3.764,1.79,18.25,26.67
11/02/2021 04:47:07,9.03,0.0,1.4,0.0,1.35,0.0,3.768,1.39,18.19,26.69
11/02/2021 04:50:40,8.79,0.24,1.64,0.0,1.62,0.24,3.922,1.63,18.2,26.72
11/02/2021 04:54:13,8.48,0.0,1.43,0.0,1.36,0.0,3.765,1.42,18.24,26.71
11/02/2021 04:57:46,8.77,0.24,1.7,0.0,1.66,0.24,3.922,1.69,18.2,26.74
11/02/2021 05:01:18,8.5,0.0,1.42,0.0,1.38,0.0,3.768,1.41,18.2,26.74
11/02/2021 05:04:51,8.44,0.24,1.41,0.0,1.36,0.24,3.926,1.4,18.15,26.75
11/02/2021 05:08:24,7.74,0.0,1.74,0.0,1.7,0.0,3.767,1.72,18.21,26.75
11/02/2021 05:11:57,7.96,0.24,1.54,0.0,1.49,0.24,3.923,1.52,18.2,26.77
11/02/2021 05:15:30,8.54,0.24,1.75,0.0,1.7,0.24,3.927,1.74,18.14,26.77
11/02/2021 05:19:03,7.91,0.0,1.43,0.0,1.39,0.0,3.77,1.42,18.18,26.75
11/02/2021 05:22:36,7.15,0.0,1.71,0.0,1.65,0.0,3.773,1.7,18.14,26.77
11/02/2021 05:26:09,8.58,0.0,1.46,0.0,1.43,0.0,3.768,1.45,18.2,26.75
11/02/2021 05:29:41,7.64,0.0,1.31,0.0,1.26,0.0,3.776,1.29,18.09,26.75
11/02/2021 05:33:14,8.58,0.0,1.39,0.0,1.34,0.0,3.774,1.38,18.12,26.72
11/02/2021 05:36:47,8.58,0.0,1.7,0.0,1.66,0.0,3.772,1.69,18.14,26.74
11/02/2021 05:40:20,8.34,0.24,1.81,0.0,1.76,0.24,3.923,1.79,18.18,26.69
11/02/2021 05:43:53,7.52,0.24,2.0,0.0,1.96,0.24,3.925,1.98,18.16,26.72
11/02/2021 05:47:26,8.02,0.0,1.57,0.0,1.51,0.0,3.773,1.55,18.13,26.68
11/02/2021 05:50:58,8.54,0.0,1.78,0.0,1.72,0.0,3.771,1.76,18.15,26.68
11/02/2021 05:54:31,7.97,0.24,1.69,0.0,1.63,0.0,3.77,1.67,18.16,26.67
11/02/2021 05:58:04,8.47,0.0,1.5,0.0,1.46,0.0,3.77,1.49,18.16,26.67
11/02/2021 06:01:37,8.36,0.0,1.53,0.0,1.48,0.0,3.769,1.51,18.18,26.65
11/02/2021 06:05:10,8.14,0.0,1.38,0.0,1.33,0.0,3.763,1.36,18.25,26.65
11/02/2021 06:08:43,8.73,0.0,1.52,0.0,1.48,0.0,3.768,1.51,18.18,26.64
11/02/2021 06:12:16,7.77,0.0,1.58,0.0,1.53,0.0,3.765,1.56,18.23,26.64
11/02/2021 06:15:49,8.41,0.05,1.91,0.0,1.86,0.05,3.797,1.89,18.23,26.62
11/02/2021 06:19:22,8.48,0.0,1.71,0.0,1.66,0.0,3.768,1.71,18.18,26.62
11/02/2021 06:22:55,8.33,0.0,1.88,0.0,1.83,0.0,3.763,1.87,18.25,26.62
11/02/2021 06:26:28,7.52,0.0,1.45,0.0,1.42,0.0,3.765,1.44,18.22,26.62
11/02/2021 06:30:00,8.31,0.24,1.54,0.0,1.49,0.24,3.917,1.53,18.25,26.59
11/02/2021 06:33:33,8.33,0.24,1.49,0.0,1.44,0.24,3.919,1.47,18.22,26.59
11/02/2021 06:37:06,8.03,0.24,1.93,0.0,1.85,0.24,3.921,1.91,18.19,26.59
11/02/2021 06:40:39,7.9,0.0,1.61,0.0,1.57,0.0,3.764,1.59,18.23,26.58
11/02/2021 06:44:12,8.82,0.0,1.84,0.0,1.78,0.0,3.765,1.82,18.22,26.62
11/02/2021 06:47:45,8.33,0.24,1.66,0.0,1.59,0.24,3.918,1.64,18.23,26.58
11/02/2021 06:51:18,8.49,0.24,1.63,0.0,1.59,0.24,3.919,1.62,18.22,26.59
11/02/2021 06:54:51,8.22,0.0,1.49,0.0,1.45,0.0,3.76,1.48,18.29,26.57
11/02/2021 06:58:24,7.42,0.0,1.6,0.0,1.56,0.0,3.764,1.6,18.23,26.57
11/02/2021 07:01:56,7.92,0.05,1.51,0.0,1.44,0.0,3.763,1.49,18.25,26.58
11/02/2021 07:05:29,7.53,0.24,1.76,0.0,1.72,0.24,3.914,1.75,18.29,26.57
11/02/2021 07:09:02,8.42,0.0,1.73,0.0,1.7,0.0,3.764,1.72,18.23,26.58
11/02/2021 07:12:35,8.14,0.0,1.72,0.0,1.67,0.0,3.762,1.71,18.26,26.58
11/02/2021 07:16:11,8.18,0.0,1.85,0.0,1.79,0.0,3.758,1.84,18.31,26.59
11/02/2021 07:19:44,9.46,0.24,1.72,0.0,1.68,0.24,3.914,1.71,18.29,26.58
11/02/2021 07:23:17,7.94,0.24,1.7,0.0,1.64,0.24,3.917,1.68,18.25,26.58
11/02/2021 07:26:50,7.47,0.24,2.09,0.0,2.02,0.24,3.919,2.07,18.22,26.61
11/02/2021 07:30:23,7.0,0.24,1.88,0.0,1.85,0.24,3.922,1.87,18.18,26.57
11/02/2021 07:33:55,7.82,0.24,1.69,0.0,1.64,0.0,3.764,1.66,18.23,26.59
11/02/2021 07:37:28,8.66,0.0,1.73,0.0,1.69,0.0,3.762,1.72,18.26,26.58
11/02/2021 07:41:01,7.4,0.0,1.72,0.0,1.69,0.0,3.764,1.71,18.23,26.57
11/02/2021 07:44:34,8.66,0.0,1.83,0.0,1.78,0.0,3.762,1.81,18.26,26.55
11/02/2021 07:48:07,7.16,0.24,2.07,0.0,2.0,0.24,3.918,2.05,18.23,26.54
11/02/2021 07:51:40,7.55,0.24,1.9,0.0,1.85,0.24,3.915,1.89,18.27,26.55
11/02/2021 07:55:13,7.75,0.24,1.9,0.0,1.85,0.0,3.763,1.89,18.24,26.54
11/02/2021 07:58:46,8.55,0.24,2.18,0.0,2.12,0.24,3.914,2.16,18.29,26.55
11/02/2021 08:02:19,7.31,0.29,2.09,0.0,2.02,0.24,3.915,2.08,18.27,26.52
11/02/2021 08:05:52,7.48,0.0,1.91,0.0,1.88,0.0,3.763,1.9,18.24,26.55
11/02/2021 08:09:25,7.6,0.28,2.39,0.0,2.32,0.28,3.943,2.38,18.24,26.54
11/02/2021 08:12:58,7.15,0.0,2.0,0.0,1.92,0.0,3.763,1.98,18.24,26.54
11/02/2021 08:16:31,7.51,0.29,2.05,0.0,1.96,0.29,3.948,2.03,18.26,26.52
11/02/2021 08:20:04,7.46,0.24,2.03,0.0,2.0,0.24,3.915,2.02,18.27,26.52
11/02/2021 08:23:37,6.83,0.24,2.03,0.0,1.99,0.24,3.915,2.02,18.26,26.5
11/02/2021 08:27:10,6.72,0.0,1.62,0.0,1.59,0.0,3.763,1.61,18.24,26.51
11/02/2021 08:30:43,8.38,0.24,2.0,0.0,1.95,0.24,3.915,1.98,18.26,26.51
11/02/2021 08:34:16,7.05,0.24,2.31,0.0,2.25,0.24,3.912,2.3,18.3,26.5
11/02/2021 08:37:48,6.63,0.24,2.06,0.0,2.03,0.24,3.914,2.04,18.28,26.48
11/02/2021 08:41:21,8.13,0.0,1.87,0.0,1.82,0.0,3.755,1.86,18.34,26.48
11/02/2021 08:44:54,8.05,0.24,2.12,0.0,2.05,0.0,3.757,2.1,18.32,26.5
11/02/2021 08:48:27,7.15,0.05,2.62,0.0,2.55,0.0,3.758,2.6,18.3,26.5
11/02/2021 08:52:00,7.68,0.24,1.8,0.0,1.75,0.24,3.913,1.79,18.29,26.5
11/02/2021 08:55:33,8.3,0.71,2.18,0.0,2.11,0.24,3.912,2.16,18.3,26.51
11/02/2021 08:59:06,7.93,0.0,1.8,0.0,1.74,0.0,3.756,1.79,18.33,26.51
11/02/2021 09:02:39,7.22,0.24,1.96,0.0,1.91,0.24,3.914,1.94,18.27,26.48
11/02/2021 09:06:12,7.52,0.0,1.66,0.0,1.61,0.0,3.758,1.65,18.3,26.51
11/02/2021 09:09:45,7.23,0.24,2.04,0.0,1.95,0.24,3.917,2.01,18.24,26.51
11/02/2021 09:13:17,6.7,0.24,2.17,0.0,2.11,0.24,3.914,2.16,18.27,26.47
11/02/2021 09:16:50,7.46,0.24,1.82,0.0,1.8,0.0,3.759,1.81,18.28,26.48
11/02/2021 09:20:23,7.9,0.24,2.05,0.0,1.99,0.24,3.914,2.05,18.27,26.47
11/02/2021 09:23:56,7.38,0.0,2.1,0.0,2.05,0.0,3.759,2.08,18.28,26.46
11/02/2021 09:27:29,7.78,0.24,2.12,0.0,2.07,0.24,3.915,2.1,18.25,26.44
11/02/2021 09:31:02,6.68,0.0,2.19,0.0,2.14,0.0,3.761,2.19,18.26,26.48
11/02/2021 09:34:35,7.41,0.24,2.3,0.0,2.23,0.24,3.916,2.28,18.24,26.47
11/02/2021 09:38:07,7.84,0.24,1.84,0.0,1.82,0.24,3.912,1.84,18.3,26.46
11/02/2021 09:41:40,7.24,0.24,2.11,0.0,2.07,0.24,3.914,2.09,18.27,26.43
11/02/2021 09:45:13,7.6,0.0,2.28,0.0,2.23,0.0,3.755,2.27,18.33,26.46
11/02/2021 09:48:46,7.46,0.24,1.95,0.0,1.9,0.24,3.914,1.92,18.27,26.43
11/02/2021 09:52:19,7.12,0.0,2.3,0.0,2.24,0.0,3.757,2.28,18.31,26.43
11/02/2021 09:55:52,7.91,0.24,2.36,0.0,2.3,0.24,3.909,2.35,18.33,26.44
11/02/2021 09:59:25,7.55,0.24,2.22,0.0,2.15,0.24,3.911,2.19,18.31,26.43
11/02/2021 10:02:58,7.57,0.05,2.5,0.0,2.41,0.05,3.789,2.48,18.31,26.41
11/02/2021 10:06:31,8.16,0.24,2.25,0.0,2.21,0.24,3.907,2.24,18.36,26.43
11/02/2021 10:10:04,7.39,0.24,2.14,0.0,2.1,0.24,3.908,2.13,18.36,26.47
11/02/2021 10:13:37,7.78,0.24,2.46,0.0,2.37,0.24,3.912,2.44,18.3,26.51
11/02/2021 10:17:10,9.29,0.0,2.41,0.0,2.35,0.0,3.761,2.39,18.26,26.54
11/02/2021 10:20:43,9.37,0.47,2.63,0.0,2.55,0.24,3.921,2.61,18.19,26.59
11/02/2021 10:24:16,9.31,0.29,2.92,0.06,2.83,0.29,3.961,2.91,18.1,26.64
11/02/2021 10:27:49,9.88,0.94,3.47,0.0,3.31,0.94,4.377,3.44,18.12,26.68
11/02/2021 10:31:22,9.37,0.8,3.61,0.31,3.51,0.8,4.296,3.59,18.01,26.72
11/02/2021 10:34:55,10.31,1.18,3.7,0.0,3.58,1.18,4.54,3.69,18.01,26.72
11/02/2021 10:38:28,9.41,0.24,3.24,0.0,3.14,0.24,3.936,3.22,18.02,26.79
11/02/2021 10:42:01,9.1,1.29,3.28,0.05,3.1,1.05,4.459,3.24,17.99,26.79
11/02/2021 10:45:34,9.38,0.12,2.63,0.0,2.53,0.0,3.787,2.62,17.96,26.84
11/02/2021 10:49:07,8.7,0.76,3.05,0.05,2.98,0.76,4.281,3.03,17.88,26.86
11/02/2021 10:52:40,10.36,0.76,3.1,0.0,2.99,0.47,4.096,3.06,17.88,26.94
11/02/2021 10:56:12,9.82,0.52,3.03,0.0,2.95,0.52,4.131,3.02,17.83,26.94
11/02/2021 10:59:45,10.3,0.24,2.53,0.0,2.46,0.24,3.947,2.52,17.89,26.95
11/02/2021 11:03:18,10.27,0.47,3.28,0.0,3.19,0.24,3.955,3.27,17.79,26.99
11/02/2021 11:06:51,10.7,0.53,3.0,0.06,2.93,0.53,4.144,2.99,17.75,26.99
11/02/2021 11:10:24,9.73,0.24,2.15,0.0,2.04,0.24,3.959,2.14,17.73,26.99
11/02/2021 11:13:57,9.91,0.24,2.49,0.0,2.41,0.24,3.957,2.48,17.77,27.05
11/02/2021 11:17:30,9.55,0.24,2.75,0.0,2.66,0.24,3.958,2.73,17.75,27.03
11/02/2021 11:21:02,10.17,0.24,2.72,0.0,2.65,0.24,3.959,2.72,17.74,27.06
11/02/2021 11:24:35,10.2,0.24,2.46,0.0,2.37,0.24,3.963,2.44,17.69,27.09
11/02/2021 11:28:08,10.22,0.47,2.74,0.0,2.64,0.47,4.116,2.72,17.63,27.1
11/02/2021 11:31:41,10.61,0.24,2.54,0.0,2.46,0.24,3.963,2.52,17.7,27.13
11/02/2021 11:35:14,10.23,0.0,2.24,0.0,2.19,0.0,3.813,2.23,17.64,27.13
11/02/2021 11:38:47,9.71,0.47,2.28,0.0,2.21,0.24,3.961,2.26,17.73,27.16
11/02/2021 11:42:19,10.96,0.24,2.11,0.0,2.04,0.24,3.961,2.1,17.73,27.17
11/02/2021 11:45:52,11.28,0.24,1.74,0.0,1.68,0.24,3.957,1.73,17.79,27.16
11/02/2021 11:49:25,11.74,0.24,2.08,0.0,2.03,0.24,3.954,2.06,17.83,27.16
11/02/2021 11:52:58,10.89,0.47,2.17,0.0,2.09,0.47,4.104,2.15,17.8,27.15
11/02/2021 11:56:31,12.19,0.29,1.94,0.0,1.88,0.29,3.984,1.92,17.86,27.19
11/02/2021 12:00:04,11.72,0.24,2.23,0.0,2.17,0.24,3.952,2.22,17.86,27.2
11/02/2021 12:03:37,11.75,0.24,2.13,0.0,2.09,0.24,3.952,2.12,17.86,27.22
11/02/2021 12:07:10,11.39,0.47,1.83,0.0,1.79,0.47,4.092,1.82,17.97,27.23
11/02/2021 12:10:43,12.54,0.24,1.52,0.0,1.47,0.24,3.949,1.5,17.9,27.22
11/02/2021 12:14:16,12.35,0.24,1.82,0.0,1.74,0.24,3.951,1.8,17.88,27.26
11/02/2021 12:17:49,12.34,0.24,1.7,0.0,1.62,0.24,3.949,1.67,17.91,27.27
11/02/2021 12:21:21,12.31,0.0,1.88,0.0,1.85,0.0,3.795,1.88,17.91,27.24
11/02/2021 12:24:54,12.74,0.71,2.06,0.0,2.0,0.24,3.949,2.04,17.91,27.29
11/02/2021 12:28:27,12.83,0.0,1.64,0.0,1.6,0.0,3.795,1.63,17.91,27.27
11/02/2021 12:32:00,12.71,0.24,1.67,0.0,1.62,0.24,3.95,1.66,17.9,27.26
11/02/2021 12:35:33,12.43,0.24,1.85,0.0,1.79,0.24,3.951,1.83,17.89,27.3
11/02/2021 12:39:06,12.14,0.0,1.61,0.0,1.54,0.0,3.797,1.6,17.89,27.3
11/02/2021 12:42:39,12.25,0.0,1.86,0.0,1.82,0.0,3.791,1.85,17.98,27.33
11/02/2021 12:46:12,12.3,0.24,1.2,0.0,1.16,0.24,3.951,1.18,17.9,27.33
11/02/2021 12:49:45,12.91,0.24,1.91,0.0,1.84,0.24,3.948,1.88,17.93,27.32
11/02/2021 12:53:18,13.54,0.0,1.68,0.0,1.64,0.0,3.794,1.66,17.93,27.34
11/02/2021 12:56:51,13.06,0.0,1.55,0.0,1.49,0.0,3.797,1.53,17.89,27.33
11/02/2021 13:00:24,14.38,0.24,1.83,0.0,1.79,0.24,3.953,1.82,17.87,27.36
11/02/2021 13:03:57,12.75,0.0,1.49,0.0,1.45,0.0,3.8,1.48,17.86,27.36
11/02/2021 13:07:29,12.91,0.0,1.72,0.0,1.69,0.0,3.797,1.71,17.89,27.36
11/02/2021 13:11:02,12.39,0.24,1.51,0.0,1.45,0.24,3.952,1.49,17.89,27.36
11/02/2021 13:14:35,11.62,0.0,2.2,0.0,2.15,0.0,3.794,2.19,17.95,27.4
11/02/2021 13:18:08,13.18,0.0,1.59,0.0,1.55,0.0,3.787,1.57,18.04,27.4
11/02/2021 13:21:41,12.15,0.24,1.94,0.0,1.88,0.24,3.947,1.91,17.97,27.43
11/02/2021 13:25:14,12.34,0.24,1.76,0.0,1.71,0.24,3.951,1.74,17.91,27.44
11/02/2021 13:28:47,12.57,0.0,1.64,0.0,1.59,0.0,3.797,1.61,17.91,27.49
11/02/2021 13:32:20,12.88,0.0,1.79,0.0,1.75,0.0,3.796,1.78,17.92,27.46
11/02/2021 13:35:53,13.13,0.53,1.97,0.0,1.89,0.24,3.954,1.95,17.88,27.47
11/02/2021 13:39:26,12.7,0.24,1.97,0.0,1.89,0.24,3.953,1.96,17.89,27.47
11/02/2021 13:42:59,12.46,0.24,2.33,0.0,2.26,0.24,3.958,2.32,17.82,27.51
11/02/2021 13:46:32,13.25,0.24,2.08,0.0,2.02,0.24,4.122,2.06,17.81,27.53
11/02/2021 13:50:05,13.04,0.0,1.99,0.0,1.93,0.0,3.972,1.98,17.84,27.53
11/02/2021 13:53:38,13.02,0.0,1.61,0.0,1.57,0.0,3.972,1.6,17.85,27.56
11/02/2021 13:57:11,12.47,0.0,2.08,0.0,2.03,0.0,3.973,2.07,17.83,27.56
11/02/2021 14:00:43,13.15,0.24,1.75,0.0,1.7,0.24,4.125,1.74,17.77,27.56
11/02/2021 14:04:16,12.98,0.24,1.97,0.0,1.89,0.24,4.115,1.95,17.9,27.57
11/02/2021 14:07:49,13.68,0.24,1.72,0.0,1.65,0.24,4.121,1.71,17.83,27.6
11/02/2021 14:11:22,13.29,0.0,2.18,0.0,2.11,0.0,3.977,2.17,17.78,27.6
11/02/2021 14:14:55,13.35,0.47,1.82,0.0,1.77,0.47,4.264,1.8,17.8,27.57
11/02/2021 14:18:28,12.98,0.24,2.12,0.0,2.02,0.24,4.127,2.11,17.75,27.58
11/02/2021 14:22:01,12.8,0.29,1.92,0.0,1.89,0.29,4.158,1.91,17.75,27.6
11/02/2021 14:25:34,12.82,0.24,2.1,0.0,2.04,0.24,4.123,2.08,17.8,27.61
11/02/2021 14:29:07,13.64,0.0,2.35,0.0,2.3,0.0,3.975,2.34,17.81,27.61
11/02/2021 14:32:40,13.38,0.0,2.15,0.0,2.08,0.0,3.977,2.13,17.79,27.63
11/02/2021 14:36:13,12.88,0.24,2.56,0.0,2.49,0.24,4.131,2.54,17.71,27.64
11/02/2021 14:39:46,12.89,0.24,1.79,0.0,1.72,0.24,4.131,1.77,17.71,27.64
11/02/2021 14:43:19,13.64,0.05,2.06,0.0,1.96,0.05,4.005,2.04,17.82,27.67
11/02/2021 14:46:52,13.5,0.47,2.65,0.0,2.57,0.47,4.257,2.64,17.89,27.65
11/02/2021 14:50:24,12.84,0.24,2.43,0.0,2.36,0.24,4.119,2.41,17.85,27.65
11/02/2021 14:53:57,13.39,0.24,2.44,0.0,2.36,0.24,4.126,2.41,17.77,27.64
11/02/2021 14:57:30,13.85,0.24,2.5,0.0,2.44,0.24,4.121,2.48,17.82,27.64
11/02/2021 15:01:03,13.7,1.18,2.95,0.0,2.84,0.94,4.548,2.93,17.85,27.65
11/02/2021 15:04:36,13.19,0.52,3.17,0.05,3.04,0.52,4.296,3.16,17.79,27.65
11/02/2021 15:08:08,13.51,0.24,2.31,0.0,2.25,0.24,4.118,2.3,17.86,27.65
11/02/2021 15:11:41,13.86,0.24,2.72,0.0,2.65,0.24,4.123,2.7,17.8,27.67
11/02/2021 15:15:14,13.85,0.24,2.49,0.0,2.44,0.24,4.124,2.48,17.79,27.68
11/02/2021 15:18:47,13.35,0.24,2.24,0.0,2.16,0.24,4.126,2.24,17.76,27.67
11/02/2021 15:22:20,13.54,0.24,2.74,0.0,2.66,0.24,4.124,2.73,17.79,27.71
11/02/2021 15:25:53,13.93,0.29,2.37,0.05,2.33,0.29,4.159,2.36,17.74,27.68
11/02/2021 15:29:26,13.8,0.53,2.54,0.0,2.45,0.47,4.273,2.53,17.69,27.71
11/02/2021 15:32:59,13.26,0.24,2.76,0.0,2.68,0.24,4.129,2.74,17.73,27.71
11/02/2021 15:36:32,13.99,0.52,2.66,0.0,2.56,0.52,4.3,2.65,17.74,27.7
11/02/2021 15:40:04,13.62,0.24,2.6,0.0,2.54,0.24,4.129,2.59,17.73,27.7
11/02/2021 15:43:37,13.31,0.24,2.45,0.0,2.39,0.24,4.124,2.43,17.79,27.68
11/02/2021 15:47:10,13.86,0.29,2.17,0.05,2.13,0.29,4.154,2.16,17.8,27.68
11/02/2021 15:50:43,14.04,0.24,2.77,0.0,2.7,0.24,4.126,2.76,17.77,27.67
11/02/2021 15:54:16,13.23,0.29,2.71,0.05,2.64,0.29,4.15,2.7,17.85,27.67
11/02/2021 15:57:49,13.84,0.71,3.4,0.0,3.31,0.24,4.123,3.38,17.8,27.68
11/02/2021 16:01:21,13.98,0.24,2.7,0.0,2.62,0.24,4.112,2.68,17.94,27.67
11/02/2021 16:04:54,14.08,0.59,2.67,0.0,2.6,0.24,4.113,2.66,17.92,27.68
11/02/2021 16:08:27,14.68,0.29,3.13,0.05,3.02,0.29,4.142,3.12,17.94,27.7
11/02/2021 16:12:00,14.77,0.53,3.32,0.0,3.21,0.53,4.286,3.31,17.98,27.68
11/02/2021 16:15:33,14.46,0.24,2.84,0.0,2.75,0.24,4.102,2.83,18.06,27.67
11/02/2021 16:19:05,15.16,0.76,3.1,0.04,2.99,0.52,4.273,3.08,18.06,27.7
11/02/2021 16:22:38,14.34,0.71,2.99,0.0,2.89,0.71,4.39,2.97,18.06,27.68
11/02/2021 16:26:11,14.83,0.94,3.12,0.0,3.04,0.24,4.102,3.1,18.05,27.71
11/02/2021 16:29:44,15.34,0.52,3.0,0.05,2.91,0.52,4.273,2.99,18.06,27.7
11/02/2021 16:33:17,14.67,0.24,2.81,0.0,2.76,0.24,4.097,2.81,18.12,27.7
11/02/2021 16:36:50,14.52,1.05,3.05,0.05,2.95,0.81,4.449,3.03,18.09,27.71
11/02/2021 16:40:23,14.7,1.0,3.54,0.06,3.43,1.0,4.563,3.52,18.12,27.71
11/02/2021 16:43:56,14.5,0.94,3.31,0.0,3.23,0.94,4.524,3.31,18.15,27.71
11/02/2021 16:47:28,15.6,0.94,3.73,0.0,3.64,0.47,4.223,3.72,18.3,27.72
11/02/2021 16:51:01,15.73,1.24,3.55,0.05,3.44,0.76,4.398,3.54,18.34,27.74
11/02/2021 16:54:34,15.56,0.94,3.38,0.0,3.26,0.94,4.505,3.36,18.37,27.71
11/02/2021 16:58:07,16.01,1.24,3.71,0.0,3.59,1.0,4.54,3.68,18.4,27.74
11/02/2021 17:01:40,16.52,3.24,5.09,1.0,4.88,2.48,5.444,5.05,18.45,27.74
11/02/2021 17:05:13,15.89,1.82,4.82,0.82,4.67,1.82,5.035,4.81,18.5,27.74
11/02/2021 17:08:46,16.21,1.71,4.66,0.94,4.49,1.71,4.972,4.64,18.44,27.8
11/02/2021 17:12:18,16.01,1.05,4.2,0.57,4.09,1.05,4.557,4.19,18.56,27.77
11/02/2021 17:15:51,15.33,1.71,3.78,0.24,3.68,1.47,4.824,3.76,18.45,27.78
11/02/2021 17:19:24,16.33,1.24,4.03,0.0,3.9,1.24,4.684,4.0,18.44,27.81
11/02/2021 17:22:57,15.94,1.24,3.91,0.24,3.79,1.24,4.685,3.89,18.43,27.8
11/02/2021 17:26:30,15.63,1.47,3.96,0.0,3.81,1.47,4.828,3.94,18.41,27.82
11/02/2021 17:30:03,15.87,1.47,4.18,0.71,4.05,1.47,4.823,4.16,18.47,27.82
11/02/2021 17:33:36,16.42,1.71,4.51,0.76,4.36,1.71,4.966,4.49,18.51,27.8
11/02/2021 17:37:08,14.79,1.24,3.45,0.0,3.26,1.24,4.676,3.42,18.54,27.78
11/02/2021 17:40:41,16.57,1.24,3.87,0.24,3.72,1.24,4.676,3.85,18.54,27.75
11/02/2021 17:44:14,16.85,1.55,4.07,0.28,3.94,1.28,4.696,4.05,18.59,27.8
11/02/2021 17:47:47,16.46,1.47,4.08,0.29,3.96,1.47,4.813,4.06,18.59,27.77
11/02/2021 17:51:20,17.41,1.24,4.05,0.24,3.9,1.24,4.663,4.03,18.69,27.77
11/02/2021 17:54:53,17.54,1.0,3.62,0.05,3.47,1.0,4.516,3.6,18.69,27.75
11/02/2021 17:58:26,16.56,1.0,3.85,0.47,3.73,1.0,4.513,3.83,18.72,27.74
11/02/2021 18:01:58,17.71,1.24,4.39,0.48,4.25,1.24,4.662,4.37,18.7,27.75
11/02/2021 18:05:31,16.69,2.12,4.14,0.24,3.93,1.88,5.052,4.12,18.74,27.75
11/02/2021 18:09:04,17.07,1.24,4.19,0.29,4.06,1.24,4.653,4.17,18.81,27.74
11/02/2021 18:12:37,16.57,1.76,4.36,0.24,4.23,1.47,4.797,4.35,18.78,27.72
11/02/2021 18:16:10,16.51,1.71,4.28,0.95,4.14,1.71,4.939,4.26,18.84,27.74
11/02/2021 18:19:43,17.1,0.94,3.72,0.47,3.62,0.94,4.452,3.7,19.02,27.72
11/02/2021 18:23:16,17.13,0.71,3.73,0.24,3.63,0.71,4.322,3.72,18.88,27.72
11/02/2021 18:26:49,16.73,1.0,3.76,0.04,3.67,1.0,4.5,3.75,18.88,27.72
11/02/2021 18:30:22,17.91,1.65,4.22,0.24,4.09,1.41,4.75,4.2,18.9,27.72
11/02/2021 18:33:55,18.75,0.94,3.87,0.47,3.71,0.94,4.411,3.84,19.51,27.75
11/02/2021 18:37:28,16.98,0.81,3.37,0.29,3.29,0.76,4.343,3.36,19.0,27.75
11/02/2021 18:41:01,16.27,1.76,4.29,0.53,4.1,1.76,4.954,4.27,19.03,27.72
11/02/2021 18:44:33,16.74,1.9,4.12,0.71,3.92,1.67,4.902,4.09,18.99,27.74
11/02/2021 18:48:06,15.99,1.76,4.15,0.76,3.98,1.53,4.821,4.13,18.93,27.71
11/02/2021 18:51:39,16.24,1.53,4.39,0.53,4.26,1.53,4.816,4.38,18.99,27.72
11/02/2021 18:55:12,16.87,1.53,4.14,0.24,4.01,1.53,4.82,4.12,18.94,27.71
11/02/2021 18:58:45,15.9,1.0,4.02,0.29,3.86,1.0,4.486,4.01,19.05,27.7
11/02/2021 19:02:18,16.59,1.76,4.07,0.53,3.94,1.76,4.961,4.05,18.94,27.68
11/02/2021 19:05:51,15.7,1.47,4.25,0.47,4.1,1.47,4.78,4.24,18.98,27.65
11/02/2021 19:09:24,16.44,1.71,4.81,1.0,4.64,1.71,4.925,4.8,19.01,27.68
11/02/2021 19:12:57,16.91,1.47,4.42,0.71,4.23,1.47,4.776,4.4,19.03,27.67
11/02/2021 19:16:30,16.21,2.0,4.82,1.0,4.67,2.0,5.1,4.79,19.05,27.7
11/02/2021 19:20:03,15.94,1.47,4.52,0.94,4.43,1.47,4.778,4.52,19.01,27.68
11/02/2021 19:23:36,17.28,1.47,4.17,0.47,4.03,1.47,4.769,4.16,19.12,27.67
11/02/2021 19:27:09,17.16,1.9,4.29,0.48,4.14,1.43,4.739,4.27,19.18,27.67
11/02/2021 19:30:42,17.61,1.29,4.32,0.47,4.14,1.29,4.644,4.3,19.29,27.67
11/02/2021 19:34:15,16.38,1.52,4.32,0.57,4.16,1.52,4.789,4.3,19.24,27.65
11/02/2021 19:37:48,16.54,2.0,4.9,1.0,4.74,2.0,5.09,4.88,19.17,27.68
11/02/2021 19:41:20,17.92,1.29,3.91,0.05,3.76,0.81,4.351,3.9,19.27,27.67
11/02/2021 19:44:53,16.54,1.24,4.68,1.0,4.57,1.24,4.62,4.66,19.21,27.68
11/02/2021 19:48:26,17.38,2.47,5.39,1.0,5.15,2.24,5.233,5.37,19.22,27.67
11/02/2021 19:51:59,16.18,1.94,4.75,0.24,4.55,1.94,5.046,4.73,19.25,27.67
11/02/2021 19:55:32,16.76,1.24,4.11,0.52,3.96,1.24,4.621,4.09,19.2,27.72
11/02/2021 19:59:05,16.88,1.24,4.17,0.47,4.05,1.24,4.618,4.15,19.24,27.7
11/02/2021 20:02:38,15.98,2.0,4.85,0.76,4.72,1.76,4.937,4.83,19.23,27.71
11/02/2021 20:06:11,16.65,1.94,4.82,1.0,4.7,1.94,5.05,4.8,19.2,27.71
11/02/2021 20:09:44,16.19,1.76,4.52,1.0,4.37,1.76,4.939,4.5,19.21,27.75
11/02/2021 20:13:17,16.34,2.29,5.12,1.06,4.96,2.29,5.269,5.1,19.15,27.72
11/02/2021 20:16:50,16.2,1.95,4.5,0.71,4.3,1.71,4.906,4.48,19.24,27.72
11/02/2021 20:20:23,17.43,1.76,4.55,0.47,4.4,1.47,4.75,4.53,19.35,27.71
11/02/2021 20:23:56,17.93,1.71,4.34,1.0,4.2,1.71,4.901,4.32,19.3,27.71
11/02/2021 20:27:28,17.24,2.71,5.04,1.06,4.85,2.0,5.076,5.0,19.33,27.71
11/02/2021 20:31:01,17.55,2.0,4.66,1.0,4.5,2.0,5.08,4.63,19.29,27.71
11/02/2021 20:34:34,16.88,1.05,4.41,0.29,4.31,1.05,4.491,4.4,19.36,27.72
11/02/2021 20:38:07,18.7,1.53,4.24,0.53,4.06,1.47,4.754,4.21,19.3,27.71
11/02/2021 20:41:40,16.74,1.71,4.46,0.76,4.31,1.71,4.907,4.44,19.23,27.72
11/02/2021 20:45:13,18.07,1.76,4.59,1.0,4.46,1.71,4.907,4.57,19.23,27.7
11/02/2021 20:48:46,18.11,1.24,4.08,0.76,3.99,1.24,4.62,4.06,19.21,27.72
11/02/2021 20:52:18,17.97,2.0,4.92,1.06,4.75,2.0,5.09,4.91,19.17,27.71
11/02/2021 20:55:51,18.7,2.24,5.19,1.24,5.03,2.24,5.237,5.17,19.17,27.71
11/02/2021 20:59:24,17.86,2.06,5.13,1.06,4.97,2.06,5.129,5.12,19.14,27.71
11/02/2021 21:02:57,18.77,1.76,4.65,0.53,4.45,1.76,4.945,4.62,19.14,27.71
11/02/2021 21:06:30,18.57,1.82,4.45,0.76,4.31,1.53,4.801,4.43,19.17,27.72
11/02/2021 21:10:03,18.3,1.94,5.34,1.0,5.18,1.94,5.053,5.33,19.17,27.74
11/02/2021 21:13:36,19.33,2.29,5.78,1.76,5.63,2.29,5.262,5.77,19.24,27.7
11/02/2021 21:17:09,18.98,2.67,5.66,1.24,5.5,2.19,5.195,5.64,19.3,27.71
11/02/2021 21:20:42,19.71,3.0,6.36,1.76,6.22,2.71,5.512,6.35,19.33,27.7
11/02/2021 21:24:15,19.24,3.29,6.52,1.76,6.29,3.24,5.83,6.5,19.42,27.68
11/02/2021 21:27:48,19.02,2.48,6.35,1.48,6.14,2.48,5.361,6.32,19.45,27.71
11/02/2021 21:31:21,19.34,2.47,6.16,1.53,5.97,2.47,5.356,6.15,19.43,27.68
11/02/2021 21:34:54,19.23,2.47,6.11,1.76,5.96,2.47,5.34,6.08,19.63,27.65
11/02/2021 21:38:27,19.08,2.47,6.2,1.47,6.05,2.47,5.346,6.18,19.56,27.7
11/02/2021 21:42:00,18.93,3.0,6.89,2.0,6.76,3.0,5.665,6.89,19.63,27.65
11/02/2021 21:45:32,18.6,3.24,6.94,2.24,6.71,3.24,5.809,6.92,19.67,27.68
11/02/2021 21:49:05,17.75,3.0,6.23,2.0,6.03,2.76,5.513,6.2,19.69,27.67
11/02/2021 21:52:38,18.63,2.71,6.43,1.94,6.31,2.71,5.481,6.42,19.7,27.67
11/02/2021 21:56:11,19.75,4.47,8.27,2.53,7.95,4.47,6.559,8.24,19.73,27.65
11/02/2021 21:59:44,19.15,3.29,6.76,2.05,6.55,3.0,5.652,6.74,19.79,27.65
11/02/2021 22:03:17,17.42,3.24,6.21,1.76,6.01,2.76,5.505,6.19,19.79,27.64
11/02/2021 22:06:50,16.84,2.88,6.19,1.71,6.0,2.88,5.588,6.17,19.67,27.64
11/02/2021 22:10:23,18.13,2.19,5.34,1.0,5.18,2.19,5.167,5.32,19.64,27.64
11/02/2021 22:13:56,16.84,3.0,6.3,1.94,6.13,3.0,5.667,6.29,19.61,27.68
11/02/2021 22:17:28,17.72,1.94,5.67,1.47,5.52,1.94,5.011,5.66,19.67,27.65
11/02/2021 22:21:01,17.25,2.24,5.47,1.0,5.28,2.0,5.051,5.45,19.64,27.67
11/02/2021 22:24:34,18.14,2.29,5.63,1.06,5.44,2.29,5.229,5.61,19.64,27.67
11/02/2021 22:28:07,17.99,2.53,5.7,1.29,5.51,2.29,5.229,5.68,19.64,27.67
11/02/2021 22:31:40,17.61,2.24,5.96,1.24,5.78,2.24,5.193,5.95,19.7,27.65
11/02/2021 22:35:13,18.18,2.41,5.13,1.24,4.96,2.18,5.152,5.12,19.75,27.65
11/02/2021 22:38:46,17.29,2.76,5.7,1.06,5.57,2.53,5.376,5.69,19.64,27.65
11/02/2021 22:42:18,17.26,1.95,5.38,1.19,5.23,1.95,5.018,5.37,19.66,27.64
11/02/2021 22:45:51,18.63,2.47,5.89,1.41,5.7,2.47,5.332,5.86,19.72,27.65
11/02/2021 22:49:24,17.51,1.94,4.84,0.76,4.68,1.94,5.009,4.82,19.7,27.64
11/02/2021 22:52:57,18.03,2.48,5.74,1.48,5.59,2.48,5.339,5.72,19.72,27.65
11/02/2021 22:56:30,17.28,2.06,5.46,1.29,5.31,2.0,5.048,5.44,19.67,27.7
11/02/2021 23:00:03,17.85,2.71,5.68,1.94,5.51,2.47,5.337,5.66,19.67,27.7
11/02/2021 23:03:36,17.52,2.24,5.96,1.71,5.85,2.24,5.196,5.95,19.66,27.74
11/02/2021 23:07:09,16.76,1.94,5.13,1.24,4.97,1.94,5.011,5.12,19.68,27.77
11/02/2021 23:10:42,17.14,1.47,4.93,1.0,4.8,1.47,4.727,4.91,19.62,27.78
11/02/2021 23:14:15,17.34,2.0,5.09,1.0,4.9,2.0,5.053,5.07,19.61,27.81
11/02/2021 23:17:48,17.27,2.0,5.11,0.53,4.92,2.0,5.05,5.08,19.65,27.81
11/02/2021 23:21:20,17.09,2.53,5.93,1.47,5.77,2.0,5.053,5.9,19.61,27.82
11/02/2021 23:24:53,16.66,1.76,5.25,1.0,5.17,1.76,4.909,5.24,19.58,27.84
11/02/2021 23:28:26,18.07,1.29,4.26,0.53,4.12,1.29,4.618,4.24,19.61,27.84
11/02/2021 23:31:59,17.32,1.47,4.61,0.71,4.48,1.47,4.731,4.58,19.58,27.85
11/02/2021 23:35:32,17.75,1.05,4.07,0.24,3.92,0.81,4.32,4.05,19.65,27.82
11/02/2021 23:39:05,16.55,1.0,4.53,0.71,4.4,1.0,4.442,4.51,19.58,27.82
11/02/2021 23:42:38,17.42,1.47,4.33,0.53,4.21,1.47,4.73,4.31,19.59,27.88
11/02/2021 23:46:11,16.05,1.24,4.39,0.29,4.29,1.24,4.59,4.38,19.58,27.91
11/02/2021 23:49:44,16.86,1.71,4.59,1.0,4.49,1.71,4.881,4.59,19.54,27.91
11/02/2021 23:53:16,17.47,1.29,4.41,0.53,4.26,1.29,4.624,4.4,19.54,27.91
11/02/2021 23:56:49,17.62,1.53,4.02,0.53,3.9,1.24,4.592,4.0,19.55,27.91
11/03/2021 00:00:22,16.71,0.94,3.86,0.24,3.76,0.94,4.406,3.86,19.58,27.91
11/03/2021 00:03:55,15.68,1.29,3.72,0.05,3.57,1.29,4.62,3.7,19.58,27.92
11/03/2021 00:07:28,16.46,0.24,3.2,0.0,3.12,0.24,3.981,3.19,19.52,27.93
11/03/2021 00:11:01,15.64,0.53,3.02,0.0,2.89,0.53,4.16,3.01,19.51,27.96
11/03/2021 00:14:34,16.55,0.52,3.05,0.05,2.95,0.52,4.154,3.03,19.51,27.91
11/03/2021 00:18:07,15.77,0.24,2.71,0.0,2.59,0.24,3.982,2.69,19.51,27.92
11/03/2021 00:21:40,15.79,0.24,2.43,0.0,2.36,0.24,3.98,2.42,19.54,27.91
11/03/2021 00:25:13,15.96,0.29,2.79,0.0,2.75,0.29,4.008,2.78,19.57,27.87
11/03/2021 00:28:46,15.35,0.24,2.5,0.0,2.44,0.24,3.979,2.49,19.55,27.84
11/03/2021 00:32:19,14.71,0.24,2.46,0.0,2.38,0.24,3.976,2.44,19.58,27.81
11/03/2021 00:35:52,14.85,0.24,2.53,0.0,2.48,0.24,3.977,2.52,19.57,27.75
11/03/2021 00:39:25,14.53,0.47,2.96,0.0,2.88,0.24,3.979,2.94,19.54,27.7
11/03/2021 00:42:58,14.4,0.29,2.84,0.05,2.78,0.29,4.007,2.83,19.58,27.67
11/03/2021 00:46:31,13.64,0.94,3.12,0.0,3.03,0.24,3.977,3.09,19.57,27.65
11/03/2021 00:50:04,14.33,0.24,2.46,0.0,2.39,0.24,3.976,2.45,19.58,27.63
11/03/2021 00:53:37,14.47,0.52,2.86,0.05,2.78,0.52,4.145,2.83,19.61,27.58
11/03/2021 00:57:09,13.73,0.76,3.19,0.0,3.09,0.76,4.294,3.17,19.59,27.54
11/03/2021 01:00:42,14.12,0.47,2.86,0.0,2.77,0.47,4.111,2.85,19.65,27.51
11/03/2021 01:04:15,14.5,0.57,2.73,0.05,2.65,0.57,4.169,2.72,19.69,27.49
11/03/2021 01:07:48,13.54,0.71,3.11,0.0,3.04,0.47,4.11,3.1,19.66,27.47
11/03/2021 01:11:21,14.08,0.24,3.07,0.0,2.98,0.24,3.968,3.06,19.67,27.42
11/03/2021 01:14:54,13.86,0.24,2.91,0.0,2.84,0.24,3.964,2.9,19.72,27.42
11/03/2021 01:18:27,13.89,0.76,3.09,0.0,3.02,0.76,4.285,3.08,19.7,27.4
11/03/2021 01:22:00,12.73,0.48,3.15,0.0,3.05,0.48,4.109,3.14,19.74,27.33
11/03/2021 01:25:33,13.25,0.71,2.55,0.0,2.46,0.47,4.103,2.54,19.74,27.34
11/03/2021 01:29:06,12.45,0.53,3.26,0.0,3.17,0.24,3.961,3.25,19.75,27.29
11/03/2021 01:32:39,12.43,0.52,2.84,0.0,2.77,0.29,3.985,2.82,19.83,27.27
11/03/2021 01:36:12,13.36,1.0,3.74,0.06,3.62,1.0,4.42,3.73,19.84,27.24
11/03/2021 01:39:45,12.9,0.29,3.14,0.05,3.09,0.29,3.988,3.14,19.8,27.26
11/03/2021 01:43:17,12.97,0.76,3.62,0.0,3.5,0.76,4.274,3.6,19.83,27.23
11/03/2021 01:46:50,12.53,0.29,2.68,0.05,2.6,0.29,3.987,2.66,19.81,27.2
11/03/2021 01:50:23,12.18,1.0,3.49,0.0,3.37,0.76,4.272,3.46,19.85,27.17
11/03/2021 01:53:56,13.33,0.24,3.27,0.0,3.19,0.24,3.952,3.26,19.86,27.16
11/03/2021 01:57:29,11.56,0.53,3.26,0.0,3.19,0.24,3.952,3.24,19.86,27.12
11/03/2021 02:01:02,11.44,0.94,3.98,0.0,3.86,0.94,4.38,3.97,19.88,27.13
11/03/2021 02:04:35,12.74,0.71,3.21,0.0,3.05,0.71,4.234,3.19,19.94,27.12
11/03/2021 02:08:08,11.51,0.57,3.43,0.05,3.36,0.52,4.119,3.42,19.92,27.13
11/03/2021 02:11:41,12.59,0.94,3.52,0.0,3.44,0.94,4.373,3.5,19.96,27.09
11/03/2021 02:15:13,11.61,0.76,3.64,0.06,3.55,0.76,4.263,3.63,19.96,27.05
11/03/2021 02:18:46,11.38,0.24,3.41,0.0,3.36,0.24,3.942,3.4,19.98,27.03
11/03/2021 02:22:19,11.91,0.76,3.73,0.0,3.69,0.29,3.972,3.72,19.98,27.03
11/03/2021 02:25:52,11.99,0.94,3.52,0.0,3.4,0.94,4.371,3.5,19.98,27.05
11/03/2021 02:29:25,11.76,1.24,3.61,0.0,3.48,1.0,4.406,3.59,20.01,27.02
11/03/2021 02:32:58,11.56,0.47,3.4,0.0,3.32,0.47,4.081,3.39,20.0,27.01
11/03/2021 02:36:31,11.6,1.18,4.27,0.24,4.13,1.18,4.515,4.26,20.02,27.01
11/03/2021 02:40:04,11.18,0.76,3.78,0.0,3.7,0.29,3.965,3.76,20.07,27.01
11/03/2021 02:43:36,11.34,1.0,3.61,0.06,3.51,0.76,4.252,3.59,20.08,26.98
11/03/2021 02:47:09,11.75,1.0,4.02,0.05,3.91,1.0,4.4,4.0,20.08,26.98
11/03/2021 02:50:42,11.78,1.24,3.97,0.24,3.83,1.24,4.544,3.95,20.11,26.98
11/03/2021 02:54:15,12.25,1.65,4.02,0.47,3.87,1.41,4.649,4.0,20.11,26.96
11/03/2021 02:57:48,10.7,1.24,4.03,0.0,3.93,1.24,4.547,4.02,20.08,26.96
11/03/2021 03:01:21,10.43,1.53,4.1,0.0,3.97,1.24,4.548,4.08,20.07,26.95
11/03/2021 03:04:54,10.87,1.47,4.33,0.53,4.21,1.0,4.401,4.31,20.06,26.94
11/03/2021 03:08:27,10.48,1.24,4.0,0.24,3.86,1.24,4.544,3.98,20.12,26.91
11/03/2021 03:12:00,11.13,0.94,3.82,0.24,3.69,0.94,4.36,3.81,20.12,26.92
11/03/2021 03:15:33,10.54,1.04,3.99,0.04,3.89,1.04,4.418,3.98,20.15,26.91
11/03/2021 03:19:06,10.96,1.53,4.32,0.53,4.23,1.24,4.545,4.3,20.1,26.91
11/03/2021 03:22:39,11.05,1.47,4.3,0.24,4.18,1.47,4.684,4.29,20.13,26.89
11/03/2021 03:26:11,11.7,1.0,4.09,0.52,4.0,1.0,4.394,4.09,20.15,26.89
11/03/2021 03:29:44,11.21,1.53,4.03,0.47,3.92,1.47,4.684,4.01,20.13,26.91
11/03/2021 03:33:17,10.59,1.9,5.01,0.95,4.87,1.67,4.801,5.0,20.2,26.86
11/03/2021 03:36:50,10.79,1.24,4.37,0.47,4.25,1.24,4.535,4.36,20.22,26.89
11/03/2021 03:40:23,11.13,1.29,4.73,0.76,4.64,1.05,4.418,4.71,20.23,26.86
11/03/2021 03:43:56,11.77,1.24,4.33,0.24,4.22,1.24,4.534,4.31,20.23,26.85
11/03/2021 03:47:29,10.6,1.29,4.49,0.53,4.34,1.29,4.565,4.47,20.23,26.86
11/03/2021 03:51:02,11.37,1.94,4.4,0.29,4.25,1.47,4.675,4.38,20.23,26.85
11/03/2021 03:54:35,10.4,1.29,4.62,0.35,4.51,1.29,4.565,4.6,20.23,26.86
11/03/2021 03:58:08,12.06,2.0,4.75,0.71,4.61,1.71,4.82,4.73,20.26,26.84
11/03/2021 04:01:40,10.79,1.52,4.34,0.57,4.22,1.52,4.704,4.33,20.26,26.85
11/03/2021 04:05:13,11.25,1.71,4.37,0.53,4.24,1.47,4.673,4.35,20.26,26.84
11/03/2021 04:08:46,10.39,1.53,4.86,0.76,4.75,1.53,4.707,4.84,20.29,26.84
11/03/2021 04:12:19,10.02,1.94,5.02,0.76,4.91,1.71,4.818,4.99,20.29,26.82
11/03/2021 04:15:52,10.37,1.94,4.93,1.0,4.78,1.94,4.961,4.91,20.26,26.84
11/03/2021 04:19:25,11.83,2.47,5.08,1.24,4.95,1.94,4.96,5.05,20.28,26.84
11/03/2021 04:22:58,11.4,2.24,5.08,0.71,4.91,2.24,5.14,5.06,20.33,26.81
11/03/2021 04:26:31,10.73,1.94,4.73,1.0,4.6,1.71,4.819,4.7,20.28,26.82
11/03/2021 04:30:04,11.02,2.0,4.71,0.76,4.56,1.28,4.551,4.68,20.32,26.84
11/03/2021 04:33:37,9.74,1.71,4.9,1.0,4.76,1.71,4.814,4.89,20.33,26.86
11/03/2021 04:37:10,10.09,2.24,5.23,1.0,5.04,2.24,5.145,5.21,20.27,26.86
11/03/2021 04:40:43,10.7,2.76,5.66,1.29,5.51,2.29,5.174,5.64,20.29,26.85
11/03/2021 04:44:16,10.7,2.41,5.32,1.0,5.14,1.94,4.956,5.3,20.32,26.84
11/03/2021 04:47:49,10.51,1.52,5.09,1.0,5.01,1.24,4.532,5.07,20.26,26.85
11/03/2021 04:51:22,10.14,1.53,4.97,0.76,4.85,1.53,4.705,4.95,20.32,26.84
11/03/2021 04:54:55,10.04,2.05,5.16,1.05,5.0,1.81,4.88,5.14,20.28,26.85
11/03/2021 04:58:28,10.26,2.47,5.39,1.0,5.22,2.0,4.991,5.37,20.35,26.84
11/03/2021 05:02:01,9.54,2.0,5.27,1.05,5.17,2.0,4.994,5.25,20.31,26.84
11/03/2021 05:05:34,10.3,2.71,5.66,1.24,5.46,2.71,5.429,5.64,20.32,26.84
11/03/2021 05:09:07,10.06,2.53,5.33,1.29,5.14,2.06,5.032,5.31,20.29,26.84
11/03/2021 05:12:39,10.66,2.76,5.84,1.53,5.65,2.76,5.459,5.83,20.32,26.82
11/03/2021 05:16:12,10.66,1.76,5.18,1.0,5.07,1.76,4.846,5.16,20.32,26.79
11/03/2021 05:19:45,9.99,2.53,6.13,1.76,6.0,2.53,5.317,6.1,20.34,26.84
11/03/2021 05:23:18,10.87,2.24,5.48,1.29,5.3,2.24,5.144,5.46,20.28,26.84
11/03/2021 05:26:51,9.74,2.52,5.28,1.24,5.15,2.05,5.027,5.26,20.28,26.82
11/03/2021 05:30:24,9.33,2.24,5.64,1.06,5.48,2.24,5.143,5.62,20.29,26.79
11/03/2021 05:33:57,10.08,2.53,5.58,1.06,5.39,2.53,5.316,5.57,20.35,26.82
11/03/2021 05:37:30,9.68,2.24,5.77,1.24,5.6,2.0,4.996,5.75,20.29,26.81
11/03/2021 05:41:03,9.71,2.71,5.93,1.24,5.76,2.71,5.428,5.91,20.33,26.81
11/03/2021 05:44:36,9.72,2.0,6.11,1.24,5.96,2.0,4.993,6.08,20.32,26.81
11/03/2021 05:48:09,9.88,1.94,5.74,1.47,5.62,1.94,4.955,5.74,20.33,26.79
11/03/2021 05:51:42,9.51,2.59,5.78,1.29,5.62,2.29,5.172,5.76,20.31,26.79
11/03/2021 05:55:15,10.0,2.47,6.12,1.94,5.96,2.47,5.282,6.11,20.32,26.81
11/03/2021 05:58:48,10.76,2.24,5.72,1.24,5.59,2.24,5.138,5.7,20.35,26.78
11/03/2021 06:02:21,9.72,2.47,6.3,1.47,6.07,2.47,5.281,6.27,20.33,26.78
11/03/2021 06:05:54,9.65,2.0,5.52,1.24,5.35,2.0,4.986,5.49,20.41,26.75
11/03/2021 06:09:27,9.89,3.18,6.74,2.0,6.59,2.94,5.569,6.72,20.33,26.79
11/03/2021 06:12:59,9.76,2.72,6.18,2.0,6.05,2.24,5.14,6.17,20.32,26.79
11/03/2021 06:16:32,9.44,2.0,5.3,1.0,5.2,2.0,4.994,5.28,20.31,26.79
11/03/2021 06:20:05,10.17,2.18,5.55,1.24,5.43,1.94,4.95,5.54,20.39,26.78
11/03/2021 06:23:38,9.02,2.48,6.03,1.71,5.9,2.24,5.14,6.01,20.33,26.77
11/03/2021 06:27:11,9.99,2.53,6.22,1.76,6.03,2.53,5.311,6.21,20.41,26.77
11/03/2021 06:30:44,9.81,2.24,5.4,1.24,5.21,2.24,5.135,5.38,20.38,26.77
11/03/2021 06:34:17,9.42,1.94,5.09,1.0,4.96,1.94,4.953,5.06,20.36,26.77
11/03/2021 06:37:50,9.55,1.95,5.42,1.0,5.28,1.95,4.957,5.39,20.38,26.77
11/03/2021 06:41:23,10.24,2.0,5.13,1.06,4.98,2.0,4.987,5.12,20.39,26.75
11/03/2021 06:44:56,9.8,2.24,5.78,1.29,5.65,2.24,5.135,5.77,20.38,26.77
11/03/2021 06:48:29,9.08,2.47,5.82,1.47,5.69,2.47,5.267,5.8,20.49,26.78
11/03/2021 06:52:02,9.87,2.94,5.98,1.71,5.78,2.94,5.562,5.96,20.41,26.78
11/03/2021 06:55:35,10.23,2.47,5.93,1.47,5.76,2.24,5.135,5.91,20.39,26.79
11/03/2021 06:59:07,9.75,2.71,6.02,1.0,5.82,2.24,5.135,6.01,20.38,26.77
11/03/2021 07:02:40,9.24,2.47,5.88,1.24,5.73,2.24,5.133,5.87,20.41,26.79
11/03/2021 07:06:13,9.68,2.71,6.13,1.47,5.97,2.47,5.277,6.12,20.37,26.81
11/03/2021 07:09:46,10.15,2.41,5.85,1.47,5.7,2.41,5.238,5.84,20.4,26.81
11/03/2021 07:13:19,10.36,2.0,5.16,1.0,5.05,2.0,4.989,5.14,20.37,26.79
11/03/2021 07:16:52,8.79,3.0,5.92,1.29,5.71,2.76,5.453,5.89,20.4,26.82
11/03/2021 07:20:25,10.57,2.24,5.4,1.24,5.23,2.24,5.135,5.38,20.39,26.79
11/03/2021 07:23:58,9.59,2.47,5.43,1.0,5.21,2.47,5.276,5.41,20.38,26.77
11/03/2021 07:27:31,9.6,3.0,5.79,1.31,5.58,2.52,5.309,5.76,20.36,26.78
11/03/2021 07:31:04,10.36,2.18,5.63,1.47,5.5,2.18,5.103,5.61,20.33,26.78
11/03/2021 07:34:37,9.45,2.29,5.89,1.29,5.72,2.0,4.993,5.86,20.32,26.77
11/03/2021 07:38:10,9.42,2.05,5.89,1.52,5.72,2.05,5.023,5.87,20.33,26.75
11/03/2021 07:41:43,9.3,2.76,5.44,1.0,5.29,2.24,5.139,5.43,20.33,26.74
11/03/2021 07:45:16,9.77,1.95,5.58,1.24,5.43,1.95,4.962,5.56,20.32,26.75
11/03/2021 07:48:49,9.6,2.71,5.57,1.0,5.31,2.71,5.43,5.55,20.3,26.72
11/03/2021 07:52:22,10.35,1.94,5.04,0.94,4.89,1.71,4.815,5.02,20.32,26.74
11/03/2021 07:55:55,9.63,2.48,6.47,1.71,6.33,2.48,5.288,6.47,20.32,26.72
11/03/2021 07:59:28,9.46,2.24,6.06,1.71,5.9,2.24,5.139,6.05,20.33,26.71
11/03/2021 08:03:01,8.56,1.76,5.05,1.0,4.93,1.76,4.845,5.04,20.33,26.72
11/03/2021 08:06:37,8.94,2.24,5.43,1.53,5.26,2.0,4.995,5.4,20.3,26.71
11/03/2021 08:10:10,9.02,2.67,5.81,1.71,5.64,2.67,5.404,5.8,20.32,26.72
11/03/2021 08:13:43,9.02,2.47,5.73,1.24,5.58,2.47,5.282,5.71,20.31,26.68
11/03/2021 08:17:16,8.54,2.0,5.49,1.0,5.31,2.0,4.992,5.47,20.33,26.69
11/03/2021 08:20:49,9.09,2.76,5.98,1.0,5.8,2.53,5.317,5.96,20.33,26.67
11/03/2021 08:24:22,8.56,2.24,5.82,1.52,5.68,2.24,5.142,5.82,20.3,26.67
11/03/2021 08:27:54,8.91,2.94,5.47,1.0,5.33,2.47,5.28,5.44,20.33,26.64
11/03/2021 08:31:27,9.38,2.76,5.77,1.0,5.59,2.24,5.139,5.75,20.33,26.64
11/03/2021 08:35:00,9.03,3.18,5.99,1.47,5.83,2.24,5.136,5.97,20.37,26.65
11/03/2021 08:38:33,9.06,2.24,5.62,1.29,5.51,2.24,5.14,5.61,20.32,26.62
11/03/2021 08:42:06,9.1,2.0,6.13,1.47,5.98,2.0,4.988,6.11,20.38,26.64
11/03/2021 08:45:39,9.17,1.52,5.51,1.05,5.38,1.52,4.692,5.49,20.4,26.59
11/03/2021 08:49:12,9.98,2.76,5.28,1.24,5.09,2.71,5.424,5.25,20.37,26.61
11/03/2021 08:52:45,9.37,1.82,5.52,1.06,5.4,1.82,4.878,5.49,20.37,26.58
11/03/2021 08:56:18,9.69,2.71,5.87,1.47,5.66,2.71,5.422,5.85,20.4,26.57
11/03/2021 08:59:51,9.72,2.71,5.56,0.94,5.41,2.18,5.101,5.52,20.35,26.57
11/03/2021 09:03:24,9.99,3.0,6.56,1.53,6.39,3.0,5.603,6.54,20.36,26.55
11/03/2021 09:06:57,9.18,2.53,5.88,1.53,5.69,2.53,5.315,5.87,20.35,26.54
11/03/2021 09:13:24,8.33,2.47,5.72,1.29,5.54,2.24,5.13,5.71,20.44,26.37
11/03/2021 09:19:52,9.32,2.71,6.15,1.71,5.92,2.71,5.405,6.13,20.6,26.2
11/03/2021 09:26:19,8.71,2.71,5.71,1.24,5.57,2.41,5.214,5.69,20.68,26.07
11/03/2021 09:32:47,9.75,2.24,5.55,1.06,5.39,2.0,4.958,5.53,20.73,25.97
11/03/2021 09:39:14,9.64,2.19,5.17,1.0,5.01,2.19,5.072,5.16,20.76,25.92
11/03/2021 09:45:42,8.99,2.65,6.37,1.71,6.19,2.41,5.207,6.36,20.76,25.82
11/03/2021 09:52:09,10.0,1.82,5.63,1.12,5.5,1.82,4.837,5.62,20.85,25.78
11/03/2021 09:58:37,10.57,2.71,5.05,1.0,4.93,2.0,4.945,5.03,20.88,25.76
11/03/2021 10:05:04,10.8,2.41,6.29,1.71,6.13,2.41,5.191,6.28,20.95,25.71
11/03/2021 10:11:32,11.33,1.76,4.66,1.0,4.52,1.76,4.79,4.64,20.98,25.71
11/03/2021 10:18:00,11.56,0.81,3.85,0.52,3.77,0.81,4.209,3.84,20.95,25.71
11/03/2021 10:24:27,12.5,1.29,3.96,0.29,3.84,1.29,4.514,3.94,20.83,25.75
11/03/2021 10:30:55,13.34,1.0,3.39,0.05,3.28,0.52,4.048,3.37,20.75,25.79
11/03/2021 10:37:22,14.49,0.53,3.19,0.0,3.11,0.24,3.886,3.18,20.63,25.85
11/03/2021 10:43:50,14.15,0.76,3.51,0.05,3.41,0.76,4.206,3.48,20.62,25.91
11/03/2021 10:50:17,13.68,0.29,3.09,0.05,2.99,0.29,3.923,3.08,20.56,25.96
11/03/2021 10:56:45,13.63,0.86,3.33,0.05,3.22,0.81,4.25,3.31,20.46,26.0
11/03/2021 11:03:13,13.91,0.29,2.83,0.05,2.75,0.29,3.935,2.82,20.42,26.06
11/03/2021 11:09:41,14.24,0.71,2.94,0.0,2.83,0.71,4.196,2.92,20.38,26.09
11/03/2021 11:16:08,14.2,0.29,2.34,0.0,2.28,0.29,3.941,2.34,20.34,26.11
11/03/2021 11:22:36,13.51,0.29,2.04,0.0,1.96,0.29,3.942,2.02,20.33,26.14
11/03/2021 11:29:03,13.43,0.47,2.51,0.0,2.38,0.47,4.054,2.5,20.31,26.21
11/03/2021 11:35:31,13.79,0.29,2.72,0.0,2.62,0.29,3.951,2.71,20.23,26.2
11/03/2021 11:41:58,13.84,0.52,2.62,0.05,2.49,0.52,4.088,2.61,20.27,26.23
11/03/2021 11:48:26,13.12,0.24,2.66,0.0,2.59,0.24,3.925,2.65,20.17,26.29
11/03/2021 11:54:53,13.13,0.48,2.27,0.0,2.2,0.24,3.927,2.26,20.14,26.33
11/03/2021 12:01:21,12.87,0.05,2.0,0.0,1.94,0.05,3.814,1.99,20.1,26.33
11/03/2021 12:07:48,12.85,0.29,2.29,0.05,2.2,0.05,3.814,2.27,20.1,26.38
11/03/2021 12:14:16,14.12,0.48,2.99,0.0,2.9,0.24,3.934,2.97,20.06,26.41
11/03/2021 12:20:43,13.18,0.47,2.3,0.0,2.21,0.47,4.085,2.28,19.94,26.46
11/03/2021 12:27:11,13.68,0.29,2.59,0.0,2.52,0.29,3.972,2.57,19.97,26.43
11/03/2021 12:33:38,14.28,0.24,2.66,0.0,2.6,0.24,3.943,2.65,19.96,26.46
11/03/2021 12:40:06,12.83,0.24,2.45,0.0,2.38,0.24,3.945,2.43,19.93,26.5
11/03/2021 12:46:33,12.24,0.47,2.47,0.0,2.41,0.47,4.09,2.46,19.88,26.52
11/03/2021 12:53:01,13.8,0.24,2.52,0.0,2.46,0.24,3.951,2.51,19.86,26.55
11/03/2021 12:59:28,12.88,0.24,2.48,0.0,2.4,0.24,3.953,2.47,19.83,26.57
11/03/2021 13:05:56,14.23,0.47,2.59,0.0,2.54,0.47,4.097,2.58,19.8,26.58
11/03/2021 13:12:23,13.6,0.24,2.97,0.0,2.88,0.24,3.955,2.95,19.81,26.59
11/03/2021 13:18:51,14.65,0.0,2.19,0.0,2.13,0.0,3.805,2.18,19.85,26.59
11/03/2021 13:25:18,14.34,0.24,2.2,0.0,2.15,0.24,3.959,2.18,19.76,26.64
11/03/2021 13:31:46,13.65,0.24,2.61,0.0,2.53,0.24,3.962,2.59,19.73,26.65
11/03/2021 13:38:13,14.72,0.47,2.72,0.0,2.64,0.47,4.107,2.71,19.68,26.67
11/03/2021 13:44:41,13.53,0.24,2.72,0.0,2.68,0.24,3.964,2.7,19.71,26.65
11/03/2021 13:51:08,14.44,0.28,2.52,0.0,2.44,0.28,4.494,2.5,19.75,26.68
11/03/2021 13:57:36,14.77,0.57,3.09,0.05,3.01,0.57,4.641,3.07,19.66,26.69
11/03/2021 14:04:03,14.53,0.29,2.89,0.05,2.81,0.29,4.494,2.88,19.8,26.68
11/03/2021 14:10:31,13.79,0.24,2.47,0.0,2.39,0.24,4.473,2.45,19.77,26.67
11/03/2021 14:16:58,14.47,0.24,2.54,0.0,2.49,0.24,4.473,2.53,19.77,26.68
11/03/2021 14:23:26,15.55,0.24,2.51,0.0,2.45,0.24,4.481,2.49,19.68,26.67
11/03/2021 14:29:53,15.41,0.24,2.76,0.0,2.67,0.24,4.479,2.75,19.69,26.71
11/03/2021 14:36:21,14.77,0.0,2.77,0.0,2.71,0.0,4.363,2.76,19.7,26.69
11/03/2021 14:42:48,15.38,0.57,3.19,0.05,3.11,0.57,4.629,3.19,19.79,26.71
11/03/2021 14:49:16,15.47,0.24,2.37,0.0,2.3,0.24,4.473,2.36,19.76,26.71
11/03/2021 14:55:43,15.09,0.28,2.29,0.0,2.22,0.28,4.491,2.27,19.76,26.72
11/03/2021 15:02:11,15.87,0.24,2.45,0.0,2.4,0.24,4.464,2.45,19.84,26.74
11/03/2021 15:08:38,16.84,0.24,2.88,0.0,2.8,0.24,4.47,2.86,19.78,26.72
11/03/2021 15:15:06,17.05,0.29,2.05,0.0,1.98,0.24,4.464,2.03,19.84,26.74
11/03/2021 15:21:33,16.6,0.24,2.25,0.0,2.16,0.24,4.471,2.24,19.76,26.75
11/03/2021 15:28:01,16.74,0.76,2.87,0.05,2.76,0.29,4.492,2.87,19.8,26.75
11/03/2021 15:34:28,15.75,0.29,2.56,0.0,2.48,0.29,4.495,2.54,19.75,26.78
11/03/2021 15:40:56,16.32,0.29,1.97,0.0,1.9,0.29,4.491,1.95,19.8,26.78
11/03/2021 15:47:23,17.15,0.29,2.67,0.05,2.55,0.29,4.491,2.65,19.8,26.77
11/03/2021 15:53:51,17.38,0.29,2.32,0.05,2.27,0.29,4.485,2.31,19.87,26.75
11/03/2021 16:00:18,17.81,0.24,2.37,0.0,2.3,0.24,4.455,2.36,19.94,26.74
11/03/2021 16:06:46,17.56,0.24,2.24,0.0,2.17,0.24,4.45,2.23,20.0,26.72
11/03/2021 16:13:13,17.02,0.29,2.18,0.05,2.08,0.29,4.479,2.16,19.94,26.74
11/03/2021 16:19:41,17.87,0.24,1.71,0.0,1.66,0.24,4.45,1.69,19.99,26.74
11/03/2021 16:26:08,17.37,0.29,2.09,0.0,2.02,0.29,4.477,2.07,19.97,26.72
11/03/2021 16:32:36,18.64,0.04,2.26,0.04,2.19,0.04,4.345,2.24,20.09,26.72
11/03/2021 16:39:03,18.88,0.24,1.79,0.0,1.75,0.24,4.441,1.78,20.09,26.72
11/03/2021 16:45:31,17.74,0.29,1.99,0.0,1.95,0.24,4.442,1.98,20.09,26.69
11/03/2021 16:51:58,18.19,0.24,2.42,0.0,2.32,0.24,4.436,2.41,20.15,26.72
11/03/2021 16:58:26,17.72,0.29,2.4,0.0,2.32,0.29,4.46,2.38,20.15,26.72
11/03/2021 17:04:53,17.74,0.29,2.1,0.0,2.0,0.24,4.441,2.08,20.09,26.72
11/03/2021 17:11:21,17.27,0.0,1.74,0.0,1.69,0.0,4.325,1.73,20.11,26.69
11/03/2021 17:17:48,15.52,0.0,1.73,0.0,1.67,0.0,4.328,1.72,20.07,26.71
11/03/2021 17:24:16,16.84,0.05,1.95,0.0,1.9,0.05,4.352,1.93,20.09,26.67
11/03/2021 17:30:44,15.39,0.24,2.27,0.0,2.2,0.24,4.444,2.26,20.07,26.69
11/03/2021 17:37:11,13.39,0.0,1.6,0.0,1.54,0.0,4.335,1.58,20.0,26.69
11/03/2021 17:43:39,12.78,0.24,1.81,0.0,1.75,0.24,4.454,1.8,19.97,26.69
11/03/2021 17:50:06,12.29,0.24,1.71,0.0,1.64,0.24,4.466,1.7,19.84,26.69
11/03/2021 17:56:34,11.01,0.0,1.28,0.0,1.25,0.0,4.355,1.27,19.79,26.67
11/03/2021 18:03:01,11.01,0.24,1.2,0.0,1.16,0.24,4.477,1.18,19.73,26.67
11/03/2021 18:09:29,10.64,0.24,1.55,0.0,1.5,0.24,4.482,1.54,19.67,26.67
11/03/2021 18:15:56,10.02,0.24,1.52,0.0,1.47,0.24,4.482,1.5,19.67,26.67
11/03/2021 18:22:24,10.26,0.0,1.59,0.0,1.54,0.0,4.359,1.58,19.75,26.67
11/03/2021 18:28:51,10.64,0.24,1.59,0.0,1.53,0.24,4.474,1.57,19.76,26.67
11/03/2021 18:35:19,11.3,0.48,1.84,0.0,1.78,0.0,4.359,1.81,19.75,26.67
11/03/2021 18:41:46,10.72,0.24,1.32,0.0,1.27,0.0,4.366,1.31,19.67,26.68
11/03/2021 18:48:14,9.96,0.0,1.41,0.0,1.35,0.0,4.378,1.4,19.55,26.68
11/03/2021 18:54:41,9.74,0.24,1.34,0.0,1.28,0.24,4.492,1.33,19.57,26.65
11/03/2021 19:01:09,10.85,0.24,1.59,0.0,1.52,0.0,4.382,1.56,19.51,26.67
11/03/2021 19:07:36,10.03,0.0,1.79,0.0,1.75,0.0,4.391,1.77,19.4,26.69
11/03/2021 19:14:04,9.73,0.0,1.29,0.0,1.26,0.0,4.402,1.28,19.28,26.69
11/03/2021 19:20:31,9.71,0.0,1.39,0.0,1.33,0.0,4.403,1.38,19.27,26.69
11/03/2021 19:26:59,7.9,0.0,1.14,0.0,1.1,0.0,4.412,1.13,19.18,26.68
11/03/2021 19:33:26,7.73,0.0,1.59,0.0,1.55,0.0,4.435,1.58,18.93,26.69
11/03/2021 19:39:54,7.67,0.0,1.32,0.0,1.28,0.0,4.444,1.31,18.83,26.71
11/03/2021 19:46:21,9.71,0.0,0.95,0.0,0.91,0.0,4.442,0.94,18.85,26.71
11/03/2021 19:52:49,9.63,0.0,1.19,0.0,1.15,0.0,4.445,1.18,18.81,26.72
11/03/2021 19:59:16,10.3,0.24,1.72,0.0,1.67,0.24,4.557,1.71,18.84,26.74
11/03/2021 20:05:44,10.08,0.0,1.52,0.0,1.5,0.0,4.44,1.52,18.86,26.75
11/03/2021 20:12:11,10.3,0.24,1.33,0.0,1.28,0.0,4.437,1.31,18.88,26.77
11/03/2021 20:18:39,11.1,0.0,1.22,0.0,1.18,0.0,4.438,1.2,18.88,26.75
11/03/2021 20:25:06,10.33,0.0,1.58,0.0,1.52,0.0,4.438,1.56,18.87,26.78
11/03/2021 20:31:34,10.14,0.0,1.47,0.0,1.43,0.0,4.455,1.46,18.68,26.78
11/03/2021 20:38:01,9.77,0.0,1.39,0.0,1.36,0.0,4.455,1.38,18.69,26.78
11/03/2021 20:44:29,10.22,0.24,1.38,0.0,1.33,0.24,4.567,1.36,18.71,26.81
11/03/2021 20:50:57,9.52,0.0,1.07,0.0,1.03,0.0,4.464,1.06,18.59,26.78
11/03/2021 20:57:24,8.52,0.05,1.23,0.0,1.19,0.0,4.471,1.22,18.5,26.82
11/03/2021 21:03:52,8.12,0.0,1.49,0.0,1.45,0.0,4.488,1.48,18.33,26.78
11/03/2021 21:10:19,8.9,0.0,1.47,0.0,1.44,0.0,4.482,1.45,18.42,26.71
11/03/2021 21:16:47,10.81,0.24,1.39,0.0,1.36,0.24,4.6,1.38,18.44,26.58
11/03/2021 21:23:14,9.13,0.0,1.2,0.0,1.16,0.0,4.476,1.19,18.55,26.51
11/03/2021 21:29:42,9.83,0.0,1.58,0.0,1.51,0.0,4.476,1.57,18.59,26.41
11/03/2021 21:36:09,9.67,0.0,1.18,0.0,1.15,0.0,4.472,1.17,18.66,26.33
11/03/2021 21:42:37,10.65,0.0,1.39,0.0,1.33,0.0,4.465,1.37,18.75,26.29
11/03/2021 21:49:04,8.87,0.0,1.71,0.0,1.66,0.0,4.471,1.7,18.72,26.19
11/03/2021 21:55:32,10.51,0.0,1.26,0.0,1.21,0.0,4.474,1.25,18.71,26.14
11/03/2021 22:02:00,10.24,0.05,1.41,0.0,1.36,0.0,4.476,1.38,18.7,26.09
11/03/2021 22:08:27,10.33,0.24,1.43,0.0,1.35,0.24,4.6,1.41,18.63,26.03
11/03/2021 22:14:55,11.09,0.0,1.51,0.0,1.47,0.0,4.477,1.5,18.73,25.99
11/03/2021 22:21:22,11.29,0.24,1.42,0.0,1.35,0.24,4.593,1.41,18.73,25.95
11/03/2021 22:27:50,11.56,0.0,1.23,0.0,1.2,0.0,4.481,1.22,18.71,25.91
11/03/2021 22:34:17,10.85,0.0,1.49,0.0,1.44,0.0,4.484,1.48,18.7,25.86
11/03/2021 22:40:45,11.07,0.0,1.13,0.0,1.1,0.0,4.488,1.12,18.66,25.83
11/03/2021 22:47:12,12.79,0.0,1.67,0.0,1.62,0.0,4.489,1.65,18.66,25.81
11/03/2021 22:53:40,11.98,0.24,1.41,0.0,1.38,0.24,4.606,1.39,18.66,25.76
11/03/2021 23:00:08,9.93,0.0,1.72,0.0,1.63,0.0,4.492,1.71,18.66,25.71
11/03/2021 23:06:36,11.95,0.29,1.53,0.0,1.46,0.24,4.607,1.52,18.67,25.72
11/03/2021 23:13:03,13.05,0.24,1.46,0.0,1.41,0.24,4.6,1.45,18.76,25.66
11/03/2021 23:19:31,12.12,0.29,1.58,0.0,1.49,0.0,4.487,1.55,18.75,25.6
11/03/2021 23:25:58,12.02,0.24,1.73,0.0,1.65,0.0,4.485,1.71,18.78,25.58
11/03/2021 23:32:26,12.36,0.29,1.49,0.0,1.42,0.29,4.626,1.47,18.78,25.54
11/03/2021 23:38:53,13.55,0.24,1.67,0.0,1.62,0.24,4.605,1.66,18.76,25.51
11/03/2021 23:45:21,14.01,0.0,1.25,0.0,1.22,0.0,4.494,1.24,18.74,25.44
11/03/2021 23:51:49,13.67,0.0,1.34,0.0,1.3,0.0,4.489,1.32,18.8,25.42
11/03/2021 23:58:16,14.13,0.0,1.4,0.0,1.37,0.0,4.487,1.39,18.83,25.38
11/04/2021 00:16:22,13.33,0.0,1.11,0.0,1.07,0.0,4.469,1.09,19.21,24.86
11/04/2021 00:34:28,13.66,0.0,0.96,0.0,0.92,0.0,4.455,0.94,19.4,24.75
11/04/2021 00:52:35,12.44,0.0,0.93,0.0,0.92,0.0,4.444,0.92,19.52,24.73
11/04/2021 01:10:41,12.49,0.24,1.37,0.0,1.32,0.24,4.556,1.36,19.55,24.75
11/04/2021 01:28:47,11.94,0.0,1.59,0.0,1.55,0.0,4.434,1.58,19.61,24.78
11/04/2021 01:46:53,11.67,0.24,1.62,0.0,1.54,0.24,4.553,1.6,19.57,24.78
11/04/2021 02:04:59,11.32,0.0,1.78,0.0,1.73,0.0,4.436,1.77,19.57,24.82
11/04/2021 02:23:05,11.21,0.24,1.83,0.0,1.78,0.24,4.553,1.82,19.56,24.82
11/04/2021 02:41:11,10.1,0.24,2.11,0.0,2.04,0.24,4.549,2.09,19.6,24.83
11/04/2021 02:59:17,10.14,0.24,2.32,0.0,2.27,0.24,4.554,2.3,19.54,24.83
11/04/2021 03:17:23,10.42,0.24,2.27,0.0,2.2,0.24,4.557,2.24,19.52,24.82
11/04/2021 03:35:29,9.31,0.24,2.06,0.0,2.02,0.24,4.555,2.05,19.53,24.83
11/04/2021 03:53:35,10.23,0.47,2.41,0.0,2.35,0.47,4.669,2.4,19.5,24.82
11/04/2021 04:11:41,9.75,0.24,2.07,0.0,2.0,0.24,4.548,2.04,19.6,24.85
11/04/2021 04:29:47,11.02,0.47,2.68,0.0,2.59,0.24,4.548,2.65,19.6,24.86
11/04/2021 04:47:53,9.19,0.52,2.82,0.24,2.73,0.52,4.688,2.81,19.54,24.87
11/04/2021 05:05:58,8.85,0.24,2.58,0.0,2.49,0.24,4.554,2.56,19.54,24.85
11/04/2021 05:24:05,9.05,0.24,2.51,0.0,2.41,0.24,4.554,2.5,19.53,24.87
11/04/2021 05:42:11,8.72,0.24,2.49,0.0,2.4,0.24,4.557,2.46,19.51,24.83
11/04/2021 06:00:17,8.04,0.47,2.7,0.0,2.63,0.47,4.674,2.67,19.46,24.8
11/04/2021 06:18:23,8.24,0.24,2.61,0.0,2.55,0.24,4.56,2.59,19.49,24.8
11/04/2021 06:36:29,8.41,0.24,2.24,0.0,2.17,0.24,4.556,2.23,19.54,24.79
11/04/2021 06:54:35,8.76,0.29,2.26,0.0,2.19,0.29,4.578,2.24,19.57,24.76
11/04/2021 07:12:41,8.7,0.48,2.01,0.0,1.94,0.24,4.559,1.99,19.53,24.73
11/04/2021 07:30:47,6.83,0.24,2.09,0.0,2.04,0.24,4.56,2.08,19.53,24.7
11/04/2021 07:48:53,8.58,0.47,1.79,0.0,1.73,0.24,4.563,1.78,19.48,24.75
11/04/2021 08:07:00,7.83,0.29,2.46,0.0,2.41,0.24,4.562,2.45,19.5,24.7
11/04/2021 10:49:55,10.13,0.24,0.92,0.0,0.9,0.24,4.626,0.91,18.74,24.91
11/04/2021 11:08:01,10.13,0.0,0.85,0.0,0.84,0.0,4.525,0.84,18.53,25.09
11/04/2021 11:26:07,9.28,0.0,0.73,0.0,0.7,0.0,4.539,0.71,18.32,25.24
11/04/2021 11:44:13,10.57,0.47,1.49,0.0,1.42,0.0,4.547,1.46,18.2,25.35
11/04/2021 12:02:19,11.71,0.0,0.86,0.0,0.83,0.0,4.56,0.85,18.03,25.45
11/04/2021 12:20:25,11.5,0.0,0.89,0.0,0.86,0.0,4.566,0.88,17.92,25.58
11/04/2021 12:38:31,11.56,0.0,0.76,0.0,0.74,0.0,4.575,0.75,17.8,25.64
11/04/2021 12:56:37,11.48,0.0,1.04,0.0,1.01,0.0,4.584,1.02,17.67,25.72
11/04/2021 13:14:43,12.75,0.0,1.37,0.0,1.32,0.0,4.594,1.35,17.57,25.72
11/04/2021 13:32:49,12.07,0.0,1.18,0.0,1.16,0.0,4.601,1.16,17.48,25.75
11/04/2021 13:50:55,13.09,0.0,1.23,0.0,1.2,0.0,4.61,1.22,17.38,25.78
11/04/2021 14:09:01,12.56,0.0,1.06,0.0,1.02,0.0,4.614,1.04,17.32,25.82
11/04/2021 14:27:06,13.25,0.0,1.25,0.0,1.2,0.0,4.619,1.23,17.24,25.88
11/04/2021 14:45:12,13.85,0.0,1.39,0.0,1.34,0.0,4.623,1.38,17.19,25.91
11/04/2021 15:03:18,13.02,0.24,1.48,0.0,1.44,0.24,4.745,1.47,17.13,25.89
11/04/2021 15:21:24,12.49,0.0,1.16,0.0,1.13,0.0,4.644,1.15,16.97,25.89
11/04/2021 15:39:31,13.83,0.0,1.29,0.0,1.24,0.0,4.645,1.28,16.97,25.88
11/04/2021 15:57:37,13.41,0.0,1.39,0.0,1.32,0.0,4.66,1.38,16.8,25.89
11/04/2021 16:15:42,14.08,0.0,1.27,0.0,1.24,0.0,4.667,1.27,16.74,25.85
11/04/2021 16:33:48,11.9,0.0,0.83,0.0,0.79,0.0,4.689,0.81,16.5,25.85
11/04/2021 16:51:54,12.23,0.0,1.02,0.0,0.98,0.0,4.723,1.01,16.16,25.79
11/04/2021 17:10:00,10.69,0.0,0.99,0.0,0.94,0.0,4.744,0.98,15.95,25.76
11/04/2021 17:28:06,10.18,0.0,1.04,0.0,1.01,0.0,4.765,1.02,15.71,25.78
11/04/2021 17:46:12,6.86,0.24,1.29,0.0,1.24,0.0,4.775,1.27,15.62,25.75
11/04/2021 18:04:18,6.64,0.0,0.8,0.0,0.75,0.0,4.782,0.78,15.54,25.76
11/04/2021 18:22:24,4.87,0.0,1.11,0.0,1.04,0.0,4.813,1.1,15.23,25.69
11/04/2021 18:40:30,3.79,0.0,1.27,0.0,1.23,0.0,4.815,1.25,15.34,25.31
11/04/2021 18:58:36,3.9,0.0,0.94,0.0,0.86,0.0,4.818,0.93,15.45,24.9
11/04/2021 19:16:42,4.29,0.24,1.02,0.0,0.96,0.24,4.933,1.0,15.57,24.59
11/04/2021 19:34:48,5.72,0.0,0.68,0.0,0.66,0.0,4.819,0.67,15.63,24.37
11/04/2021 19:52:54,4.79,0.0,0.73,0.0,0.69,0.0,4.81,0.71,15.8,24.17
11/04/2021 20:11:00,8.97,0.24,0.75,0.0,0.72,0.24,4.905,0.75,16.06,24.05
11/04/2021 20:29:06,7.72,0.24,0.78,0.0,0.74,0.24,4.9,0.77,16.14,23.97
11/04/2021 20:47:13,6.91,0.24,0.5,0.0,0.48,0.24,4.885,0.49,16.32,23.9
11/04/2021 21:05:19,9.14,0.24,0.95,0.0,0.92,0.24,4.877,0.94,16.43,23.84
11/04/2021 21:23:25,9.56,0.24,1.03,0.0,0.98,0.24,4.859,1.01,16.63,23.83
11/04/2021 21:41:32,9.85,0.24,1.4,0.0,1.35,0.24,4.864,1.4,16.57,23.83
11/04/2021 21:59:38,11.05,0.24,0.82,0.0,0.78,0.24,4.853,0.81,16.69,23.83
11/04/2021 22:17:44,10.62,0.24,0.96,0.0,0.92,0.24,4.837,0.94,16.85,23.86
11/04/2021 22:35:50,10.52,0.24,1.02,0.0,0.95,0.24,4.839,1.0,16.84,23.84
11/04/2021 22:53:57,10.41,0.24,0.9,0.0,0.86,0.24,4.833,0.9,16.9,23.84
11/04/2021 23:12:03,9.73,0.48,1.17,0.0,1.08,0.24,4.848,1.14,16.75,23.83
11/04/2021 23:30:09,14.8,1.1,2.33,0.24,2.23,0.57,4.96,2.3,17.24,23.86
11/04/2021 23:48:15,17.25,0.52,1.91,0.0,1.79,0.52,4.917,1.88,17.45,23.82
11/05/2021 00:06:21,19.35,0.52,1.54,0.0,1.48,0.29,4.773,1.52,17.84,23.73
11/05/2021 00:24:27,15.36,0.48,1.16,0.0,1.1,0.24,4.748,1.14,17.83,23.79
11/05/2021 00:42:33,14.26,0.24,1.2,0.0,1.15,0.24,4.747,1.19,17.79,23.92
11/05/2021 01:00:39,11.57,0.24,0.71,0.0,0.67,0.24,4.746,0.7,17.75,24.08
11/05/2021 01:18:46,12.06,0.24,1.36,0.0,1.3,0.24,4.747,1.34,17.68,24.25
11/05/2021 01:36:52,11.4,0.29,1.43,0.0,1.4,0.24,4.744,1.42,17.67,24.37
11/05/2021 01:54:58,8.83,0.24,1.49,0.0,1.44,0.24,4.747,1.48,17.59,24.51
11/05/2021 02:13:04,9.73,0.29,1.76,0.0,1.72,0.29,4.768,1.74,17.59,24.6
11/05/2021 02:31:10,8.68,0.71,2.17,0.0,2.08,0.24,4.757,2.15,17.42,24.69
11/05/2021 02:49:16,7.04,0.0,1.8,0.0,1.76,0.0,4.633,1.79,17.47,24.79
11/05/2021 03:07:31,7.17,0.29,2.06,0.0,1.98,0.24,4.754,2.05,17.4,24.85
11/05/2021 03:25:37,7.12,0.48,1.92,0.0,1.85,0.48,4.881,1.9,17.25,24.9
11/05/2021 03:43:43,6.2,0.29,1.77,0.0,1.72,0.29,4.787,1.75,17.26,24.96
11/05/2021 04:01:49,6.44,0.47,1.92,0.0,1.87,0.47,4.882,1.91,17.17,24.96
11/05/2021 04:19:55,6.67,0.24,1.62,0.0,1.56,0.24,4.773,1.61,17.14,25.0
11/05/2021 04:38:01,5.25,0.24,1.85,0.0,1.79,0.0,4.662,1.84,17.09,25.0
11/05/2021 04:56:07,5.01,0.0,1.55,0.0,1.5,0.0,4.66,1.53,17.11,25.0
11/05/2021 05:14:13,5.64,0.24,1.69,0.0,1.64,0.24,4.781,1.67,17.04,25.05
11/05/2021 05:32:19,5.9,0.24,1.56,0.0,1.49,0.24,4.782,1.53,17.04,25.0
11/05/2021 05:50:25,5.88,0.0,1.62,0.0,1.58,0.0,4.667,1.61,17.02,25.05
11/05/2021 06:08:31,5.25,0.24,1.88,0.0,1.84,0.24,4.781,1.87,17.05,25.02
11/05/2021 06:26:37,5.69,0.29,1.61,0.0,1.54,0.24,4.778,1.59,17.08,25.02
11/05/2021 06:44:43,5.3,0.0,1.48,0.0,1.45,0.0,4.663,1.47,17.07,25.02
11/05/2021 07:02:49,5.11,0.0,1.65,0.0,1.59,0.0,4.665,1.63,17.05,25.02
11/05/2021 07:20:55,4.71,0.0,1.7,0.0,1.64,0.0,4.668,1.68,17.02,25.02
11/05/2021 07:39:01,5.98,0.0,1.33,0.0,1.26,0.0,4.663,1.31,17.07,25.02
11/05/2021 07:57:07,4.82,0.0,1.67,0.0,1.62,0.0,4.666,1.65,17.04,25.03
11/05/2021 08:15:13,4.92,0.24,1.78,0.0,1.7,0.24,4.783,1.75,17.02,25.02
                